Linesheet Name,Start Ship Date,End Ship Date,Season Name,Style Number,Style Name,Style Order,Fabrication,Fabrication Code,Materials,Description,Sizes,Country Of Origin,Color Name,Color Code,Wholesale Currency_1,Wholesale Price_1,Suggested Retail Price_1,Gender,Category1,Category2
Linesheet Name,Available From,Available Until,Season,Style Number,Name,Sort,Fabrication,Fabrication Code,Fabric Description,Description,Size Notes,US Country of Manufacture,Color,Color Code,US Vendor Currency,Wholesale USD,Retail USD,Gender,Category,Subcategory
Core 2020 / 21 Linesheet,,,CORE,278-K51,MUSCLE TEE,1,K51 COTTON JERSEY,1H,100% COTTON,MUSCLE TEE,"XS, S, M, L, XL",UNITED STATES,WASHED BLACK,WBK,USD,55,125,Womens,Apparel,Tees
Core 2020 / 21 Linesheet,,,CORE,278-K51,MUSCLE TEE,1,K51 COTTON JERSEY,1H,100% COTTON,MUSCLE TEE,"XS, S, M, L, XL",UNITED STATES,WHITE,WHT,USD,55,125,Womens,Apparel,Tees
Core 2020 / 21 Linesheet,,,CORE,88-K51,SHORT SLEEVE BASEBALL TEE,2,K51 COTTON JERSEY,1H,100% COTTON,SHORT SLEEVE BASEBALL TEE,"XS, S, M, L, XL",UNITED STATES,WASHED BLACK,WBK,USD,55,125,Womens,Apparel,Tees
Core 2020 / 21 Linesheet,,,CORE,88-K51,SHORT SLEEVE BASEBALL TEE,2,K51 COTTON JERSEY,1H,100% COTTON,SHORT SLEEVE BASEBALL TEE,"XS, S, M, L, XL",UNITED STATES,WHITE,WHT,USD,55,125,Womens,Apparel,Tees
Core 2020 / 21 Linesheet,,,CORE,10322-K35,BRADY TEE,3,K35 7oz COTTON JERSE,33,100% Cotton,BRADY TEE,"XS, S, M, L, XL",UNITED STATES,CHALK,CHL,USD,65,150,Womens,Apparel,Knits
Core 2020 / 21 Linesheet,,,CORE,10322-K35,BRADY TEE,3,K35 7oz COTTON JERSE,33,100% Cotton,BRADY TEE,"XS, S, M, L, XL",UNITED STATES,WASHED BLACK,WBK,USD,65,150,Womens,Apparel,Knits
Core 2020 / 21 Linesheet,,,CORE,10322-K35,BRADY TEE,3,K35 7oz COTTON JERSE,33,100% Cotton,BRADY TEE,"XS, S, M, L, XL",UNITED STATES,WHITE,WHT,USD,65,150,Womens,Apparel,Knits
Core 2020 / 21 Linesheet,,,CORE,90-F096,COTTON VOILE NL SHIRT,4,F096 COTTON VOILE,73,100% Cotton,COTTON VOILE NL SHIRT,"XS, S, M, L",INDIA,BLACK,BLK,USD,107,245,Womens,Apparel,Shirts
Core 2020 / 21 Linesheet,,,CORE,90-F096,COTTON VOILE NL SHIRT,4,F096 COTTON VOILE,73,100% Cotton,COTTON VOILE NL SHIRT,"XS, S, M, L",INDIA,IVORY,IVY,USD,107,245,Womens,Apparel,Shirts
Core 2020 / 21 Linesheet,,,CORE,15-F096,NORMANDY BLOUSE,5,F096 COTTON VOILE,73,100% COTTON,NORMANDY BLOUSE,"XS, S, M, L",INDIA,BLACK,BLK,USD,107,245,Womens,Apparel,Blouses
Core 2020 / 21 Linesheet,,,CORE,15-F096,NORMANDY BLOUSE,5,F096 COTTON VOILE,73,100% COTTON,NORMANDY BLOUSE,"XS, S, M, L",INDIA,IVORY,IVY,USD,107,245,Womens,Apparel,Blouses
Core 2020 / 21 Linesheet,,,CORE,00236-W154,YORKE SHIRT,6,W154 CRISPY POPLIN,17,100% COTTON,YORKE SHIRT,"XS, S, M, L",UNITED STATES,LIGHT BLUE,LBL,USD,128,295,,,
Core 2020 / 21 Linesheet,,,CORE,00236-W154,YORKE SHIRT,6,W154 CRISPY POPLIN,17,100% COTTON,YORKE SHIRT,"XS, S, M, L",UNITED STATES,WHITE,WHT,USD,128,295,,,
Core 2020 / 21 Linesheet,,,CORE,10203-K31,JANIE HOODIE,7,K31 LIGHTLY NAPPED F,03,100% COTTON,JANIE HOODIE,"XS, S, M, L, XL",UNITED STATES,CHALK,CHL,USD,120,275,Womens,Apparel,Hoodies
Core 2020 / 21 Linesheet,,,CORE,10203-K31,JANIE HOODIE,7,K31 LIGHTLY NAPPED F,03,100% COTTON,JANIE HOODIE,"XS, S, M, L, XL",UNITED STATES,WASHED BLACK,WBK,USD,120,275,Womens,Apparel,Hoodies
Core 2020 / 21 Linesheet,,,CORE,10201-K31,CALLIE ZIP UP HOODIE,8,K31 LIGHTLY NAPPED F,03,100% COTTON,CALLIE ZIP UP HOODIE,"XS, S, M, L, XL",UNITED STATES,CHALK,CHL,USD,128,295,Womens,Apparel,Knits
Core 2020 / 21 Linesheet,,,CORE,10201-K31,CALLIE ZIP UP HOODIE,8,K31 LIGHTLY NAPPED F,03,100% COTTON,CALLIE ZIP UP HOODIE,"XS, S, M, L, XL",UNITED STATES,WASHED BLACK,WBK,USD,128,295,Womens,Apparel,Knits
Core 2020 / 21 Linesheet,,,CORE,10206-K31,LUKA SCOOP NECK SWEATSHIRT,9,K31 LIGHTLY NAPPED F,03,100% COTTON,LUKA SCOOP NECK SWEATSHIRT,"XS, S, M, L, XL",UNITED STATES,CHALK,CHL,USD,100,230,,,
Core 2020 / 21 Linesheet,,,CORE,10206-K31,LUKA SCOOP NECK SWEATSHIRT,9,K31 LIGHTLY NAPPED F,03,100% COTTON,LUKA SCOOP NECK SWEATSHIRT,"XS, S, M, L, XL",UNITED STATES,WASHED BLACK,WBK,USD,100,230,,,
Core 2020 / 21 Linesheet,,,CORE,10199-K31,NOLAN PANT,10,K31 LIGHTLY NAPPED F,03,100% COTTON,NOLAN PANT,"XS, S, M, L, XL",UNITED STATES,CHALK,CHL,USD,120,275,Womens,Apparel,Knits
Core 2020 / 21 Linesheet,,,CORE,10199-K31,NOLAN PANT,10,K31 LIGHTLY NAPPED F,03,100% COTTON,NOLAN PANT,"XS, S, M, L, XL",UNITED STATES,WASHED BLACK,WBK,USD,120,275,Womens,Apparel,Knits
Core 2020 / 21 Linesheet,,,CORE,10321-K31,KIKI SWEATPANT,11,K31 LIGHTLY NAPPED F,03,100% COTTON,KIKI SWEATPANT,"XS, S, M, L, XL",UNITED STATES,CHALK,CHL,USD,107,245,Womens,Apparel,Knits
Core 2020 / 21 Linesheet,,,CORE,10321-K31,KIKI SWEATPANT,11,K31 LIGHTLY NAPPED F,03,100% COTTON,KIKI SWEATPANT,"XS, S, M, L, XL",UNITED STATES,WASHED BLACK,WBK,USD,107,245,Womens,Apparel,Knits
Core 2020 / 21 Linesheet,,,CORE,10418-K31,SF SWEATPANT,12,K31 LIGHTLY NAPPED F,03,100% Cotton,SF SWEATPANT,"XS, S, M, L, XL",UNITED STATES,CHALK,CHL,USD,128,295,Womens,Apparel,Pants
Core 2020 / 21 Linesheet,,,CORE,10418-K31,SF SWEATPANT,12,K31 LIGHTLY NAPPED F,03,100% Cotton,SF SWEATPANT,"XS, S, M, L, XL",UNITED STATES,WASHED BLACK,WBK,USD,128,295,Womens,Apparel,Pants
Core 2020 / 21 Linesheet,,,CORE,99-W12,CROPPED MILITARY PANT,13,W12 BRUSHED STRETCH,BS,98% COTTON 2% ELASTANE,CROPPED MILITARY PANT,"00, 0, 2, 4, 6, 8, 10, 12",UNITED STATES,CARBON,CBN,USD,141,325,Womens,Apparel,Pants
Core 2020 / 21 Linesheet,,,CORE,99-W12,CROPPED MILITARY PANT,13,W12 BRUSHED STRETCH,BS,98% COTTON 2% ELASTANE,CROPPED MILITARY PANT,"00, 0, 2, 4, 6, 8, 10, 12",UNITED STATES,CAMO,CMO,USD,141,325,Womens,Apparel,Pants
Core 2020 / 21 Linesheet,,,CORE,99-W12,CROPPED MILITARY PANT,13,W12 BRUSHED STRETCH,BS,98% COTTON 2% ELASTANE,CROPPED MILITARY PANT,"00, 0, 2, 4, 6, 8, 10, 12",UNITED STATES,EGGSHELL,EGS,USD,141,325,Womens,Apparel,Pants
Core 2020 / 21 Linesheet,,,CORE,98-W11,EAST HAMPTON PANT,14,W11 ITALIAN STRETCH,IS,97% COTTON 3% ELASTANE,EAST HAMPTON PANT,"00, 0, 2, 4, 6, 8, 10, 12",UNITED STATES,CARBON,CBN,USD,141,325,Womens,Apparel,Pants
Core 2020 / 21 Linesheet,,,CORE,98-W11,EAST HAMPTON PANT,14,W11 ITALIAN STRETCH,IS,97% COTTON 3% ELASTANE,EAST HAMPTON PANT,"00, 0, 2, 4, 6, 8, 10, 12",UNITED STATES,CAMO,CMO,USD,141,325,Womens,Apparel,Pants
Core 2020 / 21 Linesheet,,,CORE,98-W11,EAST HAMPTON PANT,14,W11 ITALIAN STRETCH,IS,97% COTTON 3% ELASTANE,EAST HAMPTON PANT,"00, 0, 2, 4, 6, 8, 10, 12",UNITED STATES,EGGSHELL,EGS,USD,141,325,Womens,Apparel,Pants
Core 2020 / 21 Linesheet,,,CORE,00285-W12,JENNA PANT,15,W12 BRUSHED STRETCH,BS,98% COTTON 2% ELASTANE,JENNA PANT,"00, 0, 2, 4, 6, 8, 10, 12",UNITED STATES,CARBON,CBN,USD,141,325,Womens,Apparel,Pants
Core 2020 / 21 Linesheet,,,CORE,00285-W12,JENNA PANT,15,W12 BRUSHED STRETCH,BS,98% COTTON 2% ELASTANE,JENNA PANT,"00, 0, 2, 4, 6, 8, 10, 12",UNITED STATES,CAMO,CMF,USD,141,325,Womens,Apparel,Pants
Core 2020 / 21 Linesheet,,,CORE,00285-W12,JENNA PANT,15,W12 BRUSHED STRETCH,BS,98% COTTON 2% ELASTANE,JENNA PANT,"00, 0, 2, 4, 6, 8, 10, 12",UNITED STATES,EGGSHELL,EGS,USD,141,325,Womens,Apparel,Pants
Core 2020 / 21 Linesheet,,,CORE,41-W11,PARIS PANT,16,W11 ITALIAN STRETCH,IS,97% COTTON 3% ELASTANE,PARIS PANT,"00, 0, 2, 4, 6, 8, 10, 12",UNITED STATES,EGGSHELL,EGS,USD,150,345,Womens,Apparel,Pants
Core 2020 / 21 Linesheet,,,CORE,41-W11,PARIS PANT,16,W11 ITALIAN STRETCH,IS,97% COTTON 3% ELASTANE,PARIS PANT,"00, 0, 2, 4, 6, 8, 10, 12",UNITED STATES,JET BLACK,JBL,USD,150,345,Womens,Apparel,Pants
ESSENTIALS SS2021,2020-11-15,2021-06-30,Resort,201102,DANA TOP (Essentials),1,,,90% COTTON 10% POLYESTER,"Dana’s dark ethereal feel, with rows of guipure panelling and delicate straps make this the perfect night and day timeless piece, to be worn with strappy heels and a sheer maxi skirt. Add a deep red lip to Dana for even more glamour.
","XS, S, M, L",,White,,USD,105,242,Womens,Apparel,Tops
ESSENTIALS SS2021,2020-11-15,2021-06-30,Resort,201102,DANA TOP (Essentials),1,,,90% COTTON 10% POLYESTER,"Dana’s dark ethereal feel, with rows of guipure panelling and delicate straps make this the perfect night and day timeless piece, to be worn with strappy heels and a sheer maxi skirt. Add a deep red lip to Dana for even more glamour.
","XS, S, M, L",,Black,,USD,105,242,Womens,Apparel,Tops
ESSENTIALS SS2021,2020-11-15,2021-06-30,Resort,201110,CATA TOP ( Essentials ),2,,,90% COTTON 10% POLYESTER,"Adding a Spanish vibe in feminine 100% cotton voile ruffels , Cata’s bardot  cropped style will emphasise your waist and clavicle. Accessorize with an oversized earrings, or leave your look simple and sleek and let Cata do the talking.","XS, S, M, L",Tunisia,White,,USD,127,292,Womens,Apparel,Tops
ESSENTIALS SS2021,2020-11-15,2021-06-30,Resort,201110,CATA TOP ( Essentials ),2,,,90% COTTON 10% POLYESTER,"Adding a Spanish vibe in feminine 100% cotton voile ruffels , Cata’s bardot  cropped style will emphasise your waist and clavicle. Accessorize with an oversized earrings, or leave your look simple and sleek and let Cata do the talking.","XS, S, M, L",Tunisia,Black,,USD,127,292,Womens,Apparel,Tops
ESSENTIALS SS2021,2020-11-15,2021-06-30,Resort,91112,TOP LENA ( Essentials ),3,,,90% COTTON 10% POLYESTER,,"XS, S, M, L",,White,,USD,116,267,Womens,Apparel,"Blouses, Evening, Tops"
ESSENTIALS SS2021,2020-11-15,2021-06-30,Resort,91112,TOP LENA ( Essentials ),3,,,90% COTTON 10% POLYESTER,,"XS, S, M, L",,Black,,USD,116,267,Womens,Apparel,"Blouses, Evening, Tops"
ESSENTIALS SS2021,2020-11-15,2021-06-30,Resort,201207,KAYLA KAFTAN (Essentials),4,,,90% COTTON 10% POLYESTER,"The iconic beauty of Kayla ensures this is a piece made for the long Summer days; Kayla will be sure to accentuate your sunkissed glow, and the guipure details and tie waist mean Kayla can emphasize your waist for a perfect butterfly silhouette.","XS, S, M, L, XL",SPAIN,White,,USD,120,276,Womens,Apparel,Overshirts
ESSENTIALS SS2021,2020-11-15,2021-06-30,Resort,201207,KAYLA KAFTAN (Essentials),4,,,90% COTTON 10% POLYESTER,"The iconic beauty of Kayla ensures this is a piece made for the long Summer days; Kayla will be sure to accentuate your sunkissed glow, and the guipure details and tie waist mean Kayla can emphasize your waist for a perfect butterfly silhouette.","XS, S, M, L, XL",SPAIN,Black,,USD,120,276,Womens,Apparel,Overshirts
ESSENTIALS SS2021,2020-11-15,2021-06-30,Resort,201209,KAFTAN LUCHI,5,,,90% COTTON 10% POLYESTER,Kaftan with V-neckline and flared sleeves ,"XS, S, M, L",,White,,USD,173,398,Womens,Apparel,Jackets
ESSENTIALS SS2021,2020-11-15,2021-06-30,Resort,201209,KAFTAN LUCHI,5,,,90% COTTON 10% POLYESTER,Kaftan with V-neckline and flared sleeves ,"XS, S, M, L",,Black,,USD,173,398,Womens,Apparel,Jackets
ESSENTIALS SS2021,2020-11-15,2021-06-30,Resort,201209,KAFTAN LUCHI,5,,,90% COTTON 10% POLYESTER,Kaftan with V-neckline and flared sleeves ,"XS, S, M, L",,Nude,,USD,173,398,Womens,Apparel,Jackets
ESSENTIALS SS2021,2020-11-15,2021-06-30,Resort,201210,KAFTAN INDYA ( Essentials ),6,,,90% COTTON 10% POLYESTER,"A nostalgic innocence evelops our Indya caftan.
Made with our symbolic cotton voile and embellished with guipure geometric motifs to finish the contour of our caftan and adorn its sleeves.
The Indya Caftan was designed to take full advantage of the long summer days.
Combine it with your favorite swimsuit or with short and crop top from our collection for an ideal look that can take you from the beach club to sunset.
","XS, S, M, L, XL",,White,,USD,184,424,Womens,Apparel,Jackets
ESSENTIALS SS2021,2020-11-15,2021-06-30,Resort,201210,KAFTAN INDYA ( Essentials ),6,,,90% COTTON 10% POLYESTER,"A nostalgic innocence evelops our Indya caftan.
Made with our symbolic cotton voile and embellished with guipure geometric motifs to finish the contour of our caftan and adorn its sleeves.
The Indya Caftan was designed to take full advantage of the long summer days.
Combine it with your favorite swimsuit or with short and crop top from our collection for an ideal look that can take you from the beach club to sunset.
","XS, S, M, L, XL",,Black,,USD,184,424,Womens,Apparel,Jackets
ESSENTIALS SS2021,2020-11-15,2021-06-30,Resort,201211,KAFTAN ANGELA ( Essentials ),7,,,90%COTTON 10%POLYESTER,"An incredibly versatile and elegant piece to add style to any beach outfit. 
The softness of the cotton combined with the elaborate sleeves, adornes with geometric guipure motif, make this piece a ""must"" for the summer.
Synch in the delicate lace belt at the waist to emphasise your narrowest point elevating your look whilst letting your swinsuit shine throught.","XS, S, M, L, XL",,White,,USD,208,478,Womens,Apparel,Jackets
ESSENTIALS SS2021,2020-11-15,2021-06-30,Resort,201211,KAFTAN ANGELA ( Essentials ),7,,,90%COTTON 10%POLYESTER,"An incredibly versatile and elegant piece to add style to any beach outfit. 
The softness of the cotton combined with the elaborate sleeves, adornes with geometric guipure motif, make this piece a ""must"" for the summer.
Synch in the delicate lace belt at the waist to emphasise your narrowest point elevating your look whilst letting your swinsuit shine throught.","XS, S, M, L, XL",,Black,,USD,208,478,Womens,Apparel,Jackets
ESSENTIALS SS2021,2020-11-15,2021-06-30,Resort,201304,EDDA JACKET (Essentials),8,,,90% COTTON 10% POLYESTER,"The perfect peplum silhouette sets our iconic Edda jacket apart, and the finer details of cut out guipure, tie waist, and delicate frill details on the sleeves mean that Edda is a completely unique piece. Versatile in it’s specifics of looking as good on the beach as it would in the evening, Edda is a necessity for the Summer months.","XS, S, M, L, XL",SPAIN,White,,USD,124,285,Womens,Apparel,Blazers
ESSENTIALS SS2021,2020-11-15,2021-06-30,Resort,201304,EDDA JACKET (Essentials),8,,,90% COTTON 10% POLYESTER,"The perfect peplum silhouette sets our iconic Edda jacket apart, and the finer details of cut out guipure, tie waist, and delicate frill details on the sleeves mean that Edda is a completely unique piece. Versatile in it’s specifics of looking as good on the beach as it would in the evening, Edda is a necessity for the Summer months.","XS, S, M, L, XL",SPAIN,Black,,USD,124,285,Womens,Apparel,Blazers
ESSENTIALS SS2021,2020-11-15,2021-06-30,Resort,201307,ALI JACKET (Essentials),9,,,90% COTTON 10% POLYESTER,"Rock Ali with a backless bathingsuit or bikini to emphasise the guipure back panels; Summer is a time for accentuating the golden glow of your skin, and Ali allows you to do so. With pointed guipure sleeve edging and maxi length, Ali is the ideal accompaniment to your Summer day or evening look.
","XS, S, M, L, XL",PORTUGAL,White,,USD,185,426,Womens,Apparel,Cardigans
ESSENTIALS SS2021,2020-11-15,2021-06-30,Resort,201307,ALI JACKET (Essentials),9,,,90% COTTON 10% POLYESTER,"Rock Ali with a backless bathingsuit or bikini to emphasise the guipure back panels; Summer is a time for accentuating the golden glow of your skin, and Ali allows you to do so. With pointed guipure sleeve edging and maxi length, Ali is the ideal accompaniment to your Summer day or evening look.
","XS, S, M, L, XL",PORTUGAL,Black,,USD,185,426,Womens,Apparel,Cardigans
ESSENTIALS SS2021,2020-11-15,2021-06-30,Resort,201400,GREAT SKIRT (Essentials),10,,,90% COTTON 10% POLYESTER,"Greta’s scalloped guipure edging and skater style would look fun and flirty styled with a simple bodysuit and lace up sandals, or thrown on with a bikini top for a relaxed, straight-off-the-beach vibe.
","XS, S, M, L, XL",SPAIN,White,,USD,109,251,Womens,Apparel,Skirts
ESSENTIALS SS2021,2020-11-15,2021-06-30,Resort,201400,GREAT SKIRT (Essentials),10,,,90% COTTON 10% POLYESTER,"Greta’s scalloped guipure edging and skater style would look fun and flirty styled with a simple bodysuit and lace up sandals, or thrown on with a bikini top for a relaxed, straight-off-the-beach vibe.
","XS, S, M, L, XL",SPAIN,Black,,USD,109,251,Womens,Apparel,Skirts
ESSENTIALS SS2021,2020-11-15,2021-06-30,Resort,201402,FERA SKIRT ( Essentials ),11,,,90% COTTON 10% POLYESTER,"Short, ruffle details, accompanied with a waistband to highlight you exactly where you want, and fun, flouncy detailing makes Fera the perfect skirt for a night of twirling under the Ibiza sunset.","XS, S, M, L",SPAIN,White,,USD,129,297,Womens,Apparel,Skirts
ESSENTIALS SS2021,2020-11-15,2021-06-30,Resort,201402,FERA SKIRT ( Essentials ),11,,,90% COTTON 10% POLYESTER,"Short, ruffle details, accompanied with a waistband to highlight you exactly where you want, and fun, flouncy detailing makes Fera the perfect skirt for a night of twirling under the Ibiza sunset.","XS, S, M, L",SPAIN,Black,,USD,129,297,Womens,Apparel,Skirts
ESSENTIALS SS2021,2020-11-15,2021-06-30,Resort,201404,SKIRT RUTH ( Essentials ),12,,,90% COTTON 10% POLYESTER,"We re launch one of our “best sellers,” our iconic peasant-cut cotton voile long skirt. On this occasion, the Ruth skirt arrives stronger than ever thanks to its triple tier, enriched with elaborate guipure entredoses and the stunning cascade cut that blends these three sections seamlessly. The hypnotic volume of the skirt culminates in a sash-shaped waistband that kisses the hips contouring the silhouette. This makes Ruth an incredibly flattering and comfortable garment with the undisputed Charo seal.","XS, S, M, L, XL",,White,,USD,198,455,Womens,Apparel,Skirts
ESSENTIALS SS2021,2020-11-15,2021-06-30,Resort,201404,SKIRT RUTH ( Essentials ),12,,,90% COTTON 10% POLYESTER,"We re launch one of our “best sellers,” our iconic peasant-cut cotton voile long skirt. On this occasion, the Ruth skirt arrives stronger than ever thanks to its triple tier, enriched with elaborate guipure entredoses and the stunning cascade cut that blends these three sections seamlessly. The hypnotic volume of the skirt culminates in a sash-shaped waistband that kisses the hips contouring the silhouette. This makes Ruth an incredibly flattering and comfortable garment with the undisputed Charo seal.","XS, S, M, L, XL",,Black,,USD,198,455,Womens,Apparel,Skirts
ESSENTIALS SS2021,2020-11-15,2021-06-30,Resort,201503,IDA SHORT ( Essentials ),13,,,90% COTTON 10% POLYESTER,"A figure hugging, detailed pair of shorts, Ida works just as well paired with our sleeve blouses or crop as it does with a bodysuit that shows off the patterned panels. The scalloped guipure edging will skim across the thigh to accentuate that summer glow.","XS, S, M, L",SPAIN,White,,USD,131,301,Womens,Apparel,Shorts
ESSENTIALS SS2021,2020-11-15,2021-06-30,Resort,201503,IDA SHORT ( Essentials ),13,,,90% COTTON 10% POLYESTER,"A figure hugging, detailed pair of shorts, Ida works just as well paired with our sleeve blouses or crop as it does with a bodysuit that shows off the patterned panels. The scalloped guipure edging will skim across the thigh to accentuate that summer glow.","XS, S, M, L",SPAIN,Black,,USD,131,301,Womens,Apparel,Shorts
ESSENTIALS SS2021,2020-11-15,2021-06-30,Resort,201603,VAIANA DRESS (Essentials),14,,,90% COTTON 10% POLYESTER,"A beautifully cut dress, with a tight fitting bodice, large, guipure frills and a layered, panelled and asymmetric skirt, Vaiana is undeniably flattering and feminine. 
","XS, S, M, L",SPAIN,White,,USD,205,472,Womens,Apparel,Dresses
ESSENTIALS SS2021,2020-11-15,2021-06-30,Resort,201603,VAIANA DRESS (Essentials),14,,,90% COTTON 10% POLYESTER,"A beautifully cut dress, with a tight fitting bodice, large, guipure frills and a layered, panelled and asymmetric skirt, Vaiana is undeniably flattering and feminine. 
","XS, S, M, L",SPAIN,Black,,USD,205,472,Womens,Apparel,Dresses
ESSENTIALS SS2021,2020-11-15,2021-06-30,Resort,201605,MARYLIN DRESS (Essentials),15,,,90% COTTON 10% POLYESTER,"Marylin's floral scallop details, criss cross back and skater skirt finish scream femininity and Summer night; a middle section that's crammed with beautiful detailing adds to the effeminate air of Marilyn.
This piece in its version black or white belongs to our permanent collection Essentials by Charo Ruiz.
A timeless ""must have"" made with love from Ibiza","XS, S, M, L",PORTUGAL,White,,USD,185,426,Womens,Apparel,Dresses
ESSENTIALS SS2021,2020-11-15,2021-06-30,Resort,201605,MARYLIN DRESS (Essentials),15,,,90% COTTON 10% POLYESTER,"Marylin's floral scallop details, criss cross back and skater skirt finish scream femininity and Summer night; a middle section that's crammed with beautiful detailing adds to the effeminate air of Marilyn.
This piece in its version black or white belongs to our permanent collection Essentials by Charo Ruiz.
A timeless ""must have"" made with love from Ibiza","XS, S, M, L",PORTUGAL,Black,,USD,185,426,Womens,Apparel,Dresses
ESSENTIALS SS2021,2020-11-15,2021-06-30,Resort,201606,JOYA DRESS (Essentials),16,,,90% COTTON 10% POLYESTER,"Joya’s fitted bodice and straight neck detail further accentuates the tiered skater skirt that Joya finishes with. A dress that works as well in the daytime as it does at dusk, Joya’s beautiful intricate scallop finish will draw attention to the sunkissed glow you’ve achieved throughout those lazy Ibiza afternoons. 
","XS, S, M, L",PORTUGAL,White,,USD,195,449,Womens,Apparel,"Dresses, Evening"
ESSENTIALS SS2021,2020-11-15,2021-06-30,Resort,201606,JOYA DRESS (Essentials),16,,,90% COTTON 10% POLYESTER,"Joya’s fitted bodice and straight neck detail further accentuates the tiered skater skirt that Joya finishes with. A dress that works as well in the daytime as it does at dusk, Joya’s beautiful intricate scallop finish will draw attention to the sunkissed glow you’ve achieved throughout those lazy Ibiza afternoons. 
","XS, S, M, L",PORTUGAL,Black,,USD,195,449,Womens,Apparel,"Dresses, Evening"
ESSENTIALS SS2021,2020-11-15,2021-06-30,Resort,201608,CAMPANA DRESS (Essentials),17,,,90%COTTON 10%POLYESTER,"The flared sleeve detailing and guipure bardot necline give this dress an effortless, feminine feel.
Throw on after a day at the beach to look like nothing but effort has been made;
relaxed waves and a nude lip wuold elevate Campana ever further.
This piece in its version black or white belongs to our permanent colection Essentials by Charo Ruiz. 
A timeless ""must have"" made with love from Ibiza.","XS, S, M, L, XL",SPAIN,White,,USD,175,405,Womens,Apparel,"Dresses, Evening"
ESSENTIALS SS2021,2020-11-15,2021-06-30,Resort,201608,CAMPANA DRESS (Essentials),17,,,90%COTTON 10%POLYESTER,"The flared sleeve detailing and guipure bardot necline give this dress an effortless, feminine feel.
Throw on after a day at the beach to look like nothing but effort has been made;
relaxed waves and a nude lip wuold elevate Campana ever further.
This piece in its version black or white belongs to our permanent colection Essentials by Charo Ruiz. 
A timeless ""must have"" made with love from Ibiza.","XS, S, M, L, XL",SPAIN,Black,,USD,175,405,Womens,Apparel,"Dresses, Evening"
ESSENTIALS SS2021,2020-11-15,2021-06-30,Resort,201622,LONG DRESS AIDA ( Essentials ),18,,,90% Coton 10% Polyester,"Our Aida dress was born as an ode to sensuality celebrating the femininity of the beautiful curves of your body. Its ""V"" shaped neckline is mirrored on the back show casing the full potential of the cinched in torso design thanks to the fitted elastic panel. The frills contour the back and neck of the dress and flutter towards the waist. Elaborate guipure enhances several points of the dress including the waist and the end of the hip, flirting with volume as the dress cascades to a midi length. Without a doubt, our Aida dress is the epitome of free spirited romantic style.
","S, M, L, XL, XS",,White,,USD,289,664,Womens,Apparel,"Dresses, Evening"
ESSENTIALS SS2021,2020-11-15,2021-06-30,Resort,201622,LONG DRESS AIDA ( Essentials ),18,,,90% Coton 10% Polyester,"Our Aida dress was born as an ode to sensuality celebrating the femininity of the beautiful curves of your body. Its ""V"" shaped neckline is mirrored on the back show casing the full potential of the cinched in torso design thanks to the fitted elastic panel. The frills contour the back and neck of the dress and flutter towards the waist. Elaborate guipure enhances several points of the dress including the waist and the end of the hip, flirting with volume as the dress cascades to a midi length. Without a doubt, our Aida dress is the epitome of free spirited romantic style.
","S, M, L, XL, XS",,Black,,USD,289,664,Womens,Apparel,"Dresses, Evening"
ESSENTIALS SS2021,2020-11-15,2021-06-30,Resort,201623,CORAZON DRESS (Essentials),19,,,90% Cotton 10%Polyester,"A completely unique style, Heart has ruffled skirts, crochet panels, and a moulded top, meaning Heart will hug you in all the right places.
This piece in its version black or white belongs to our permanent collection Essentials by Charo Ruiz. A timeless ""must have"" made with love from Ibiza","XS, S, M, L",SPAIN,White,,USD,145,334,Womens,Apparel,"Dresses, Evening, General Apparel"
ESSENTIALS SS2021,2020-11-15,2021-06-30,Resort,201623,CORAZON DRESS (Essentials),19,,,90% Cotton 10%Polyester,"A completely unique style, Heart has ruffled skirts, crochet panels, and a moulded top, meaning Heart will hug you in all the right places.
This piece in its version black or white belongs to our permanent collection Essentials by Charo Ruiz. A timeless ""must have"" made with love from Ibiza","XS, S, M, L",SPAIN,Black,,USD,145,334,Womens,Apparel,"Dresses, Evening, General Apparel"
ESSENTIALS SS2021,2020-11-15,2021-06-30,Resort,201626,IMAGEN DRESS (Essentials),20,,,90% COTTON 10% POLYESTER,"With triangular cups, scalloped guipure edging and slit in four; Imagine is feminine and pretty.
An open, criss cross back adds something to Imagine, and the maxi finish means Imagine is the perfect accompaniment to a Summer's day.","XS, S, M, L",PORTUGAL,White,,USD,205,472,Womens,Apparel,"Dresses, Evening"
ESSENTIALS SS2021,2020-11-15,2021-06-30,Resort,201626,IMAGEN DRESS (Essentials),20,,,90% COTTON 10% POLYESTER,"With triangular cups, scalloped guipure edging and slit in four; Imagine is feminine and pretty.
An open, criss cross back adds something to Imagine, and the maxi finish means Imagine is the perfect accompaniment to a Summer's day.","XS, S, M, L",PORTUGAL,Black,,USD,205,472,Womens,Apparel,"Dresses, Evening"
ESSENTIALS SS2021,2020-11-15,2021-06-30,Resort,201638,LONG DRESS CINDY (Essentials),21,,,90% COTTON 10% POLYESTER,"The long Cindy dress is an unavoidable “must” of summer. The triangular sections of cotton covering the chest enhance the flattering V-shaped neckline creating the effect of spectacular contoured cleavage. They are held by two, beautiful, very thin straps. A band of openwork guipure tailors in at the waist drawing attention to the narrowest point of your body which enhances the sublime volume of the peasant-cut skirt formed by three frills. The combination of the soft cotton and the peek a boo transparencies creates a sensual contrast that will set hearts aflutter. 

","XS, S, M, L, XL",,White,,USD,312,718,Womens,Apparel,"Dresses, Evening"
ESSENTIALS SS2021,2020-11-15,2021-06-30,Resort,201638,LONG DRESS CINDY (Essentials),21,,,90% COTTON 10% POLYESTER,"The long Cindy dress is an unavoidable “must” of summer. The triangular sections of cotton covering the chest enhance the flattering V-shaped neckline creating the effect of spectacular contoured cleavage. They are held by two, beautiful, very thin straps. A band of openwork guipure tailors in at the waist drawing attention to the narrowest point of your body which enhances the sublime volume of the peasant-cut skirt formed by three frills. The combination of the soft cotton and the peek a boo transparencies creates a sensual contrast that will set hearts aflutter. 

","XS, S, M, L, XL",,Black,,USD,312,718,Womens,Apparel,"Dresses, Evening"
BREEZY BATISTA RESORT 2021,2020-11-15,2021-04-01,Resort,213100,BUSTIER LITA BATISTA,1,,,"100% COTTON,, EMBROIDERED IN 70% COTTON 30% POLIESTER THREAD,, FINISHED GOOD: 100% COTTON","Our beautiful Lita bustier is an essential for your ""Resort looks"" Its flattering sweetheart neckline enhances the chest creating a radiant silhouette. Its structured body made of embroidered cotton contours the torso and its elasticated back panel adapts perfectly around your figure. Its side zip closure makes this bustier an easy and comfortable garment to wear. Lita looks incredible in color, white, black or in our stunning embroidered print. Combine with shorts or pants from the Breezy Batista collection.

","XS, S, M, L",,White,,USD,165,379,Womens,Apparel,"Blouses, Bodysuits, Evening, Tops"
BREEZY BATISTA RESORT 2021,2020-11-15,2021-04-01,Resort,213100,BUSTIER LITA BATISTA,1,,,"100% COTTON,, EMBROIDERED IN 70% COTTON 30% POLIESTER THREAD,, FINISHED GOOD: 100% COTTON","Our beautiful Lita bustier is an essential for your ""Resort looks"" Its flattering sweetheart neckline enhances the chest creating a radiant silhouette. Its structured body made of embroidered cotton contours the torso and its elasticated back panel adapts perfectly around your figure. Its side zip closure makes this bustier an easy and comfortable garment to wear. Lita looks incredible in color, white, black or in our stunning embroidered print. Combine with shorts or pants from the Breezy Batista collection.

","XS, S, M, L",,Black,,USD,165,379,Womens,Apparel,"Blouses, Bodysuits, Evening, Tops"
BREEZY BATISTA RESORT 2021,2020-11-15,2021-04-01,Resort,213100,BUSTIER LITA BATISTA,1,,,"100% COTTON,, EMBROIDERED IN 70% COTTON 30% POLIESTER THREAD,, FINISHED GOOD: 100% COTTON","Our beautiful Lita bustier is an essential for your ""Resort looks"" Its flattering sweetheart neckline enhances the chest creating a radiant silhouette. Its structured body made of embroidered cotton contours the torso and its elasticated back panel adapts perfectly around your figure. Its side zip closure makes this bustier an easy and comfortable garment to wear. Lita looks incredible in color, white, black or in our stunning embroidered print. Combine with shorts or pants from the Breezy Batista collection.

","XS, S, M, L",,Est.Rojo,,USD,165,379,Womens,Apparel,"Blouses, Bodysuits, Evening, Tops"
BREEZY BATISTA RESORT 2021,2020-11-15,2021-04-01,Resort,213101,TOP ANNIE,2,,,"100% COTTON,, EMBROIDERED IN 70% COTTON 30% POLIESTER THREAD,, FINISHED GOOD: 100% COTTON","Our emblematic bralet made of embroidered cotton looks stunning under a caftan or for a fresh take create a three-piece look with our embroidered cotton shorts and jacket. Its V-neckline and slim straps make Annie the versatile bralet to pack for a summer getaway.

","XS, S, M, L",,White,,USD,118,272,Womens,Apparel,"Blouses, Evening, Tops"
BREEZY BATISTA RESORT 2021,2020-11-15,2021-04-01,Resort,213101,TOP ANNIE,2,,,"100% COTTON,, EMBROIDERED IN 70% COTTON 30% POLIESTER THREAD,, FINISHED GOOD: 100% COTTON","Our emblematic bralet made of embroidered cotton looks stunning under a caftan or for a fresh take create a three-piece look with our embroidered cotton shorts and jacket. Its V-neckline and slim straps make Annie the versatile bralet to pack for a summer getaway.

","XS, S, M, L",,Black,,USD,118,272,Womens,Apparel,"Blouses, Evening, Tops"
BREEZY BATISTA RESORT 2021,2020-11-15,2021-04-01,Resort,213101,TOP ANNIE,2,,,"100% COTTON,, EMBROIDERED IN 70% COTTON 30% POLIESTER THREAD,, FINISHED GOOD: 100% COTTON","Our emblematic bralet made of embroidered cotton looks stunning under a caftan or for a fresh take create a three-piece look with our embroidered cotton shorts and jacket. Its V-neckline and slim straps make Annie the versatile bralet to pack for a summer getaway.

","XS, S, M, L",,Est.Rojo,,USD,118,272,Womens,Apparel,"Blouses, Evening, Tops"
BREEZY BATISTA RESORT 2021,2020-11-15,2021-04-01,Resort,213102,TOP BARBARA,3,,,"100% COTTON, EMBROIDERED IN 70% COTTON 30% POLIESTER THREAD,, FINISHED GOOD: 100% COTTON","The off-the-shoulder Bardot like neckline frames the shoulders enhancing its beauty. A double embroidered cotton ruffle runs along the trim of the top covering the elasticated bodice (smock) adapting perfectly to the shape of your body providing comfort and support.
Combine our Barbara crop top with our Natalie mini skirt for a tropical look or with our Brigid pants for a fashion forward contrast.
","XS, S, M, L",,White,,USD,146,336,Womens,Apparel,"Blouses, Evening, Tops"
BREEZY BATISTA RESORT 2021,2020-11-15,2021-04-01,Resort,213102,TOP BARBARA,3,,,"100% COTTON, EMBROIDERED IN 70% COTTON 30% POLIESTER THREAD,, FINISHED GOOD: 100% COTTON","The off-the-shoulder Bardot like neckline frames the shoulders enhancing its beauty. A double embroidered cotton ruffle runs along the trim of the top covering the elasticated bodice (smock) adapting perfectly to the shape of your body providing comfort and support.
Combine our Barbara crop top with our Natalie mini skirt for a tropical look or with our Brigid pants for a fashion forward contrast.
","XS, S, M, L",,Black,,USD,146,336,Womens,Apparel,"Blouses, Evening, Tops"
BREEZY BATISTA RESORT 2021,2020-11-15,2021-04-01,Resort,213102,TOP BARBARA,3,,,"100% COTTON, EMBROIDERED IN 70% COTTON 30% POLIESTER THREAD,, FINISHED GOOD: 100% COTTON","The off-the-shoulder Bardot like neckline frames the shoulders enhancing its beauty. A double embroidered cotton ruffle runs along the trim of the top covering the elasticated bodice (smock) adapting perfectly to the shape of your body providing comfort and support.
Combine our Barbara crop top with our Natalie mini skirt for a tropical look or with our Brigid pants for a fashion forward contrast.
","XS, S, M, L",,Est.Rojo,,USD,146,336,Womens,Apparel,"Blouses, Evening, Tops"
BREEZY BATISTA RESORT 2021,2020-11-15,2021-04-01,Resort,213103,TOP SILVANA,4,,,"100% COTTON,, EMBROIDERED IN 70% COTTON 30% POLIESTER THREAD,, FINISHED GOOD: 100% COTTON","The beauty of our India top lies in the combination of its off-the-shoulder lantern sleeve and the slim straps that provide support and comfort.
The lightweight embroidered cotton, available in white, black and print, enhances the beauty of the volume of the sleeves. The crop cut makes our India the perfect top to combine with our olive high-waisted shorts.


","XS, S, M, L",,White,,USD,146,336,Womens,Apparel,"Blouses, Evening, Tops"
BREEZY BATISTA RESORT 2021,2020-11-15,2021-04-01,Resort,213103,TOP SILVANA,4,,,"100% COTTON,, EMBROIDERED IN 70% COTTON 30% POLIESTER THREAD,, FINISHED GOOD: 100% COTTON","The beauty of our India top lies in the combination of its off-the-shoulder lantern sleeve and the slim straps that provide support and comfort.
The lightweight embroidered cotton, available in white, black and print, enhances the beauty of the volume of the sleeves. The crop cut makes our India the perfect top to combine with our olive high-waisted shorts.


","XS, S, M, L",,Black,,USD,146,336,Womens,Apparel,"Blouses, Evening, Tops"
BREEZY BATISTA RESORT 2021,2020-11-15,2021-04-01,Resort,213103,TOP SILVANA,4,,,"100% COTTON,, EMBROIDERED IN 70% COTTON 30% POLIESTER THREAD,, FINISHED GOOD: 100% COTTON","The beauty of our India top lies in the combination of its off-the-shoulder lantern sleeve and the slim straps that provide support and comfort.
The lightweight embroidered cotton, available in white, black and print, enhances the beauty of the volume of the sleeves. The crop cut makes our India the perfect top to combine with our olive high-waisted shorts.


","XS, S, M, L",,Est.Rojo,,USD,146,336,Womens,Apparel,"Blouses, Evening, Tops"
BREEZY BATISTA RESORT 2021,2020-11-15,2021-04-01,Resort,213105,TOP BELLE,5,,,"100% COTTON, EMBROIDERED IN 70% COTTON 30% POLIESTER THREAD,, FINISHED GOOD: 100% COTTON",The double ruffle on our Belle top creates a magnificent wave of beauty. The pretty sweetheart neckline is framed by a border of delicate guipure which enhances the silhouette around the back and shoulders. The bust made of openwork embroidered cotton shows hints of your sun kissed skin. Combine it with our Brigid pants for a mesmerizing summer look.,"XS, S, M, L",,White,,USD,165,379,Womens,Apparel,"Blouses, Evening, Tops"
BREEZY BATISTA RESORT 2021,2020-11-15,2021-04-01,Resort,213105,TOP BELLE,5,,,"100% COTTON, EMBROIDERED IN 70% COTTON 30% POLIESTER THREAD,, FINISHED GOOD: 100% COTTON",The double ruffle on our Belle top creates a magnificent wave of beauty. The pretty sweetheart neckline is framed by a border of delicate guipure which enhances the silhouette around the back and shoulders. The bust made of openwork embroidered cotton shows hints of your sun kissed skin. Combine it with our Brigid pants for a mesmerizing summer look.,"XS, S, M, L",,Black,,USD,165,379,Womens,Apparel,"Blouses, Evening, Tops"
BREEZY BATISTA RESORT 2021,2020-11-15,2021-04-01,Resort,213105,TOP BELLE,5,,,"100% COTTON, EMBROIDERED IN 70% COTTON 30% POLIESTER THREAD,, FINISHED GOOD: 100% COTTON",The double ruffle on our Belle top creates a magnificent wave of beauty. The pretty sweetheart neckline is framed by a border of delicate guipure which enhances the silhouette around the back and shoulders. The bust made of openwork embroidered cotton shows hints of your sun kissed skin. Combine it with our Brigid pants for a mesmerizing summer look.,"XS, S, M, L",,Est.Rojo,,USD,165,379,Womens,Apparel,"Blouses, Evening, Tops"
BREEZY BATISTA RESORT 2021,2020-11-15,2021-04-01,Resort,213300,BLAZER VERNA,6,,,"100% COTTON,, EMBROIDERED IN 70% COTTON 30% POLIESTER THREAD,, FINISHED GOOD: 100% COTTON","Verna is our versatile version of a blazer designed to look like a dress or alternatively mix it up for a fresh take on a two or three piece look. Its crossed lapel and openwork sleeve create its flattering shape allowing the blazer to be worn open or closed to create a “short dress” effect. Embroidered cotton brings an element of freshness to the piece. Combine it in any of our three colors, with our Olive shorts or with our Brigid pants and one of our crop tops to create a stunning 3-piece effect.","XS, S, M, L",,White,,USD,278,640,Womens,Apparel,"Blazers, Evening, Jackets, Jackets/Blazers"
BREEZY BATISTA RESORT 2021,2020-11-15,2021-04-01,Resort,213300,BLAZER VERNA,6,,,"100% COTTON,, EMBROIDERED IN 70% COTTON 30% POLIESTER THREAD,, FINISHED GOOD: 100% COTTON","Verna is our versatile version of a blazer designed to look like a dress or alternatively mix it up for a fresh take on a two or three piece look. Its crossed lapel and openwork sleeve create its flattering shape allowing the blazer to be worn open or closed to create a “short dress” effect. Embroidered cotton brings an element of freshness to the piece. Combine it in any of our three colors, with our Olive shorts or with our Brigid pants and one of our crop tops to create a stunning 3-piece effect.","XS, S, M, L",,Black,,USD,278,640,Womens,Apparel,"Blazers, Evening, Jackets, Jackets/Blazers"
BREEZY BATISTA RESORT 2021,2020-11-15,2021-04-01,Resort,213300,BLAZER VERNA,6,,,"100% COTTON,, EMBROIDERED IN 70% COTTON 30% POLIESTER THREAD,, FINISHED GOOD: 100% COTTON","Verna is our versatile version of a blazer designed to look like a dress or alternatively mix it up for a fresh take on a two or three piece look. Its crossed lapel and openwork sleeve create its flattering shape allowing the blazer to be worn open or closed to create a “short dress” effect. Embroidered cotton brings an element of freshness to the piece. Combine it in any of our three colors, with our Olive shorts or with our Brigid pants and one of our crop tops to create a stunning 3-piece effect.","XS, S, M, L",,Est.Rojo,,USD,278,640,Womens,Apparel,"Blazers, Evening, Jackets, Jackets/Blazers"
BREEZY BATISTA RESORT 2021,2020-11-15,2021-04-01,Resort,213401,SHORT SKIRT NATALIE,7,,,"100% COTTON,, EMBROIDERED IN 70% COTTON 30% POLIESTER THREAD,, FINISHED GOOD: 100% COTTON",Natalie's main design feature is the contrast between the soft flouncy flare and the flattering waistband that highlights the narrowest part of your waist. The double ruffle feature adds volume and movement as you saunter along the shore. Combine it with any of our crop tops from the embroidery collection to get a fun and flirty twin set.,"XS, S, M, L",,White,,USD,152,350,Womens,Apparel,"Evening, Mini Skirts, Skirts"
BREEZY BATISTA RESORT 2021,2020-11-15,2021-04-01,Resort,213401,SHORT SKIRT NATALIE,7,,,"100% COTTON,, EMBROIDERED IN 70% COTTON 30% POLIESTER THREAD,, FINISHED GOOD: 100% COTTON",Natalie's main design feature is the contrast between the soft flouncy flare and the flattering waistband that highlights the narrowest part of your waist. The double ruffle feature adds volume and movement as you saunter along the shore. Combine it with any of our crop tops from the embroidery collection to get a fun and flirty twin set.,"XS, S, M, L",,Black,,USD,152,350,Womens,Apparel,"Evening, Mini Skirts, Skirts"
BREEZY BATISTA RESORT 2021,2020-11-15,2021-04-01,Resort,213401,SHORT SKIRT NATALIE,7,,,"100% COTTON,, EMBROIDERED IN 70% COTTON 30% POLIESTER THREAD,, FINISHED GOOD: 100% COTTON",Natalie's main design feature is the contrast between the soft flouncy flare and the flattering waistband that highlights the narrowest part of your waist. The double ruffle feature adds volume and movement as you saunter along the shore. Combine it with any of our crop tops from the embroidery collection to get a fun and flirty twin set.,"XS, S, M, L",,Est.Rojo,,USD,152,350,Womens,Apparel,"Evening, Mini Skirts, Skirts"
BREEZY BATISTA RESORT 2021,2020-11-15,2021-04-01,Resort,213500,SHORT OLIVE,8,,,"100% COTTON,, EMBROIDERED IN 70% COTTON 30% POLIESTER THREAD, FINISHED GOOD: 100% COTTON",Our flattering olive shorts made of lightweight embroidered cotton are the perfect addition for all your “Resort looks”. The woven belt highlights your narrowest point and sits comfortably around the waist. The delicate transparency of the embroidered cotton makes Olive the perfect garment to look beautiful without having to compromise on comfort. Combine the shorts with high-heeled sandals and one of our crop tops from the “Breezy Batista” collection to get the WOW factor.,"XS, S, M, L",,White,,USD,138,317,Womens,Apparel,"Evening, Shorts"
BREEZY BATISTA RESORT 2021,2020-11-15,2021-04-01,Resort,213500,SHORT OLIVE,8,,,"100% COTTON,, EMBROIDERED IN 70% COTTON 30% POLIESTER THREAD, FINISHED GOOD: 100% COTTON",Our flattering olive shorts made of lightweight embroidered cotton are the perfect addition for all your “Resort looks”. The woven belt highlights your narrowest point and sits comfortably around the waist. The delicate transparency of the embroidered cotton makes Olive the perfect garment to look beautiful without having to compromise on comfort. Combine the shorts with high-heeled sandals and one of our crop tops from the “Breezy Batista” collection to get the WOW factor.,"XS, S, M, L",,Black,,USD,138,317,Womens,Apparel,"Evening, Shorts"
BREEZY BATISTA RESORT 2021,2020-11-15,2021-04-01,Resort,213500,SHORT OLIVE,8,,,"100% COTTON,, EMBROIDERED IN 70% COTTON 30% POLIESTER THREAD, FINISHED GOOD: 100% COTTON",Our flattering olive shorts made of lightweight embroidered cotton are the perfect addition for all your “Resort looks”. The woven belt highlights your narrowest point and sits comfortably around the waist. The delicate transparency of the embroidered cotton makes Olive the perfect garment to look beautiful without having to compromise on comfort. Combine the shorts with high-heeled sandals and one of our crop tops from the “Breezy Batista” collection to get the WOW factor.,"XS, S, M, L",,Est.Rojo,,USD,138,317,Womens,Apparel,"Evening, Shorts"
BREEZY BATISTA RESORT 2021,2020-11-15,2021-04-01,Resort,213501,TROUSERS BRIGID,9,,,"100% COTTON,, EMBROIDERED IN 70% COTTON 30% POLIESTER THREAD, FINISHED GOOD: 100% COTTON","The openwork embroidered cotton fabric is the main feature of our long Brigid pants. The high waist and slightly flared cut creates a chic 70's effect. Openwork cotton adds a breathable, fresh touch to this garment. Combine it with our Belle crop top to get the “wow” factor or with our bustier and blazer from the “breezy Batista” collection for a stunning three-piece look.","XS, S, M, L",,White,,USD,173,398,Womens,Apparel,"Evening, Pants"
BREEZY BATISTA RESORT 2021,2020-11-15,2021-04-01,Resort,213501,TROUSERS BRIGID,9,,,"100% COTTON,, EMBROIDERED IN 70% COTTON 30% POLIESTER THREAD, FINISHED GOOD: 100% COTTON","The openwork embroidered cotton fabric is the main feature of our long Brigid pants. The high waist and slightly flared cut creates a chic 70's effect. Openwork cotton adds a breathable, fresh touch to this garment. Combine it with our Belle crop top to get the “wow” factor or with our bustier and blazer from the “breezy Batista” collection for a stunning three-piece look.","XS, S, M, L",,Black,,USD,173,398,Womens,Apparel,"Evening, Pants"
BREEZY BATISTA RESORT 2021,2020-11-15,2021-04-01,Resort,213501,TROUSERS BRIGID,9,,,"100% COTTON,, EMBROIDERED IN 70% COTTON 30% POLIESTER THREAD, FINISHED GOOD: 100% COTTON","The openwork embroidered cotton fabric is the main feature of our long Brigid pants. The high waist and slightly flared cut creates a chic 70's effect. Openwork cotton adds a breathable, fresh touch to this garment. Combine it with our Belle crop top to get the “wow” factor or with our bustier and blazer from the “breezy Batista” collection for a stunning three-piece look.","XS, S, M, L",,Est.Rojo,,USD,173,398,Womens,Apparel,"Evening, Pants"
BREEZY BATISTA RESORT 2021,2020-11-15,2021-04-01,Resort,213502,JUMPSUIT PEGGI,10,,,"100% COTTON,, EMBROIDERED IN 70% COTTON 30% POLIESTER THREAD,, FINISHED GOOD: 100% COTTON",The perfect combination of elegance and comfort defines our Peggi short jumpsuit with puffed sleeves. Its beautiful sweetheart neckline highlights the bust and the high waisted cut creates the illusion of longer legs. The intricate embroidered details make Peggi a fresh and lightweight garment ideal for warmer days. ,"XS, S, M, L",,White,,USD,211,486,Womens,Apparel,"Evening, Jumpsuits"
BREEZY BATISTA RESORT 2021,2020-11-15,2021-04-01,Resort,213502,JUMPSUIT PEGGI,10,,,"100% COTTON,, EMBROIDERED IN 70% COTTON 30% POLIESTER THREAD,, FINISHED GOOD: 100% COTTON",The perfect combination of elegance and comfort defines our Peggi short jumpsuit with puffed sleeves. Its beautiful sweetheart neckline highlights the bust and the high waisted cut creates the illusion of longer legs. The intricate embroidered details make Peggi a fresh and lightweight garment ideal for warmer days. ,"XS, S, M, L",,Black,,USD,211,486,Womens,Apparel,"Evening, Jumpsuits"
BREEZY BATISTA RESORT 2021,2020-11-15,2021-04-01,Resort,213502,JUMPSUIT PEGGI,10,,,"100% COTTON,, EMBROIDERED IN 70% COTTON 30% POLIESTER THREAD,, FINISHED GOOD: 100% COTTON",The perfect combination of elegance and comfort defines our Peggi short jumpsuit with puffed sleeves. Its beautiful sweetheart neckline highlights the bust and the high waisted cut creates the illusion of longer legs. The intricate embroidered details make Peggi a fresh and lightweight garment ideal for warmer days. ,"XS, S, M, L",,Est.Rojo,,USD,211,486,Womens,Apparel,"Evening, Jumpsuits"
BREEZY BATISTA RESORT 2021,2020-11-15,2021-04-01,Resort,213503,JUMPSUIT PIPPA,11,,,"100% COTTON,, EMBROIDERED IN 70% COTTON 30% POLIESTER THREAD, FINISHED GOOD: 100% COTTON","Pippa represents the vibrancy, vitality and joy that summer brings us. A beautiful piece with long pants and a sweetheart neckline which draws attention to your sun kissed décolletage. Fitted with a rigid embroidered cotton belt, its high waist streamlines the figure creating the illusion of longer legs. Combine it with high wedges or flat sandals for a relaxed 70's look.","XS, S, M, L",,White,,USD,258,592,Womens,Apparel,"Evening, Jumpsuits"
BREEZY BATISTA RESORT 2021,2020-11-15,2021-04-01,Resort,213503,JUMPSUIT PIPPA,11,,,"100% COTTON,, EMBROIDERED IN 70% COTTON 30% POLIESTER THREAD, FINISHED GOOD: 100% COTTON","Pippa represents the vibrancy, vitality and joy that summer brings us. A beautiful piece with long pants and a sweetheart neckline which draws attention to your sun kissed décolletage. Fitted with a rigid embroidered cotton belt, its high waist streamlines the figure creating the illusion of longer legs. Combine it with high wedges or flat sandals for a relaxed 70's look.","XS, S, M, L",,Black,,USD,258,592,Womens,Apparel,"Evening, Jumpsuits"
BREEZY BATISTA RESORT 2021,2020-11-15,2021-04-01,Resort,213503,JUMPSUIT PIPPA,11,,,"100% COTTON,, EMBROIDERED IN 70% COTTON 30% POLIESTER THREAD, FINISHED GOOD: 100% COTTON","Pippa represents the vibrancy, vitality and joy that summer brings us. A beautiful piece with long pants and a sweetheart neckline which draws attention to your sun kissed décolletage. Fitted with a rigid embroidered cotton belt, its high waist streamlines the figure creating the illusion of longer legs. Combine it with high wedges or flat sandals for a relaxed 70's look.","XS, S, M, L",,Est.Rojo,,USD,258,592,Womens,Apparel,"Evening, Jumpsuits"
BREEZY BATISTA RESORT 2021,2020-11-15,2021-04-01,Resort,213600,SHORT DRESS MARIANNE,12,,,"100% COTTON,, EMBROIDERED IN 70% COTTON 30% POLIESTER THREAD, FINISHED GOOD: 100% COTTON","The hourglass silhouette is the main feature of our mini Marianne dress. The sweetheart neckline and the slim straps support the fitted bodice highlighting the beauty of the chest and shoulders. An embroidered cotton belt accentuates the narrowest point of your waist before falling into a pretty fluted skirt. This is the “Little Summer Dress” that needs to be in your suitcase!


","XS, S, M, L",,White,,USD,215,495,Womens,Apparel,"Dresses, Evening"
BREEZY BATISTA RESORT 2021,2020-11-15,2021-04-01,Resort,213600,SHORT DRESS MARIANNE,12,,,"100% COTTON,, EMBROIDERED IN 70% COTTON 30% POLIESTER THREAD, FINISHED GOOD: 100% COTTON","The hourglass silhouette is the main feature of our mini Marianne dress. The sweetheart neckline and the slim straps support the fitted bodice highlighting the beauty of the chest and shoulders. An embroidered cotton belt accentuates the narrowest point of your waist before falling into a pretty fluted skirt. This is the “Little Summer Dress” that needs to be in your suitcase!


","XS, S, M, L",,Black,,USD,215,495,Womens,Apparel,"Dresses, Evening"
BREEZY BATISTA RESORT 2021,2020-11-15,2021-04-01,Resort,213600,SHORT DRESS MARIANNE,12,,,"100% COTTON,, EMBROIDERED IN 70% COTTON 30% POLIESTER THREAD, FINISHED GOOD: 100% COTTON","The hourglass silhouette is the main feature of our mini Marianne dress. The sweetheart neckline and the slim straps support the fitted bodice highlighting the beauty of the chest and shoulders. An embroidered cotton belt accentuates the narrowest point of your waist before falling into a pretty fluted skirt. This is the “Little Summer Dress” that needs to be in your suitcase!


","XS, S, M, L",,Est.Rojo,,USD,215,495,Womens,Apparel,"Dresses, Evening"
BREEZY BATISTA RESORT 2021,2020-11-15,2021-04-01,Resort,213601,SHORT DRESS DENISSE,13,,,"100% COTTON, EMBROIDERED IN 70% COTTON 30% POLIESTER THREAD, FINISHED GOOD: 100% COTTON","Cut from lightweight embroidered cotton, the secret of our short Denisse dress is found in the clever combination of its “off the shoulder” lantern sleeve and the slim straps that provide support and comfort. A dress charged with femininity making sure all eyes are on you. An embroidered cotton belt adorns the waist drawing attention to your narrowest point before flaring out into a soft, beautiful ruffled hem. Combine it with high sandals and one of our bags for a spectacular look this summer.","XS, S, M, L",,White,,USD,219,504,Womens,Apparel,"Dresses, Evening"
BREEZY BATISTA RESORT 2021,2020-11-15,2021-04-01,Resort,213601,SHORT DRESS DENISSE,13,,,"100% COTTON, EMBROIDERED IN 70% COTTON 30% POLIESTER THREAD, FINISHED GOOD: 100% COTTON","Cut from lightweight embroidered cotton, the secret of our short Denisse dress is found in the clever combination of its “off the shoulder” lantern sleeve and the slim straps that provide support and comfort. A dress charged with femininity making sure all eyes are on you. An embroidered cotton belt adorns the waist drawing attention to your narrowest point before flaring out into a soft, beautiful ruffled hem. Combine it with high sandals and one of our bags for a spectacular look this summer.","XS, S, M, L",,Black,,USD,219,504,Womens,Apparel,"Dresses, Evening"
BREEZY BATISTA RESORT 2021,2020-11-15,2021-04-01,Resort,213601,SHORT DRESS DENISSE,13,,,"100% COTTON, EMBROIDERED IN 70% COTTON 30% POLIESTER THREAD, FINISHED GOOD: 100% COTTON","Cut from lightweight embroidered cotton, the secret of our short Denisse dress is found in the clever combination of its “off the shoulder” lantern sleeve and the slim straps that provide support and comfort. A dress charged with femininity making sure all eyes are on you. An embroidered cotton belt adorns the waist drawing attention to your narrowest point before flaring out into a soft, beautiful ruffled hem. Combine it with high sandals and one of our bags for a spectacular look this summer.","XS, S, M, L",,Est.Rojo,,USD,219,504,Womens,Apparel,"Dresses, Evening"
BREEZY BATISTA RESORT 2021,2020-11-15,2021-04-01,Resort,213602,SHORT DRESS JEAN,14,,,"100% COTTON,, EMBROIDERED IN 70% COTTON 30% POLIESTER THREAD, FINISHED GOOD: 100% COTTON","The beauty of our short Jean dress lies in the exquisite cut of the boat neckline. A versatile design that can be worn either ""off the shoulders” drawing attention to your sun kissed décolletage or with the short sleeves pulled up. The volume of the lantern sleeve adds an elegant touch to the floaty asymmetrical cut of the skirt. The belt in the same fabric highlights your narrowest point, the skirt flares slightly creating movement in the summer breeze.

","XS, S, M, L",,White,,USD,219,504,Womens,Apparel,"Dresses, Evening"
BREEZY BATISTA RESORT 2021,2020-11-15,2021-04-01,Resort,213602,SHORT DRESS JEAN,14,,,"100% COTTON,, EMBROIDERED IN 70% COTTON 30% POLIESTER THREAD, FINISHED GOOD: 100% COTTON","The beauty of our short Jean dress lies in the exquisite cut of the boat neckline. A versatile design that can be worn either ""off the shoulders” drawing attention to your sun kissed décolletage or with the short sleeves pulled up. The volume of the lantern sleeve adds an elegant touch to the floaty asymmetrical cut of the skirt. The belt in the same fabric highlights your narrowest point, the skirt flares slightly creating movement in the summer breeze.

","XS, S, M, L",,Black,,USD,219,504,Womens,Apparel,"Dresses, Evening"
BREEZY BATISTA RESORT 2021,2020-11-15,2021-04-01,Resort,213602,SHORT DRESS JEAN,14,,,"100% COTTON,, EMBROIDERED IN 70% COTTON 30% POLIESTER THREAD, FINISHED GOOD: 100% COTTON","The beauty of our short Jean dress lies in the exquisite cut of the boat neckline. A versatile design that can be worn either ""off the shoulders” drawing attention to your sun kissed décolletage or with the short sleeves pulled up. The volume of the lantern sleeve adds an elegant touch to the floaty asymmetrical cut of the skirt. The belt in the same fabric highlights your narrowest point, the skirt flares slightly creating movement in the summer breeze.

","XS, S, M, L",,Est.Rojo,,USD,219,504,Womens,Apparel,"Dresses, Evening"
BREEZY BATISTA RESORT 2021,2020-11-15,2021-04-01,Resort,213610,LONG DRESS LANA,15,,,"100% COTTON, EMBROIDERED IN 70% COTTON 30% POLIESTER THREAD, FINISHED GOOD: 100% COTTON","Our Lana dress has been designed to show off your sun kissed décolletage thanks to the versatility of its off-the-shoulders sleeves, covering the arms in an evocative boat neckline. The “A” silhouette of the skirt can be adjusted at the waist with an embroidered cotton belt. It falls to a subtle asymmetric hem which enhances movement, creating the perfect balance between the cut, the fabric and the volume of the dress. A dress ideal for all your upcoming summer events. The long flowing skirt feels so romantic and feminine","XS, S, M, L",,White,,USD,266,611,Womens,Apparel,"Dresses, Evening"
BREEZY BATISTA RESORT 2021,2020-11-15,2021-04-01,Resort,213610,LONG DRESS LANA,15,,,"100% COTTON, EMBROIDERED IN 70% COTTON 30% POLIESTER THREAD, FINISHED GOOD: 100% COTTON","Our Lana dress has been designed to show off your sun kissed décolletage thanks to the versatility of its off-the-shoulders sleeves, covering the arms in an evocative boat neckline. The “A” silhouette of the skirt can be adjusted at the waist with an embroidered cotton belt. It falls to a subtle asymmetric hem which enhances movement, creating the perfect balance between the cut, the fabric and the volume of the dress. A dress ideal for all your upcoming summer events. The long flowing skirt feels so romantic and feminine","XS, S, M, L",,Black,,USD,266,611,Womens,Apparel,"Dresses, Evening"
BREEZY BATISTA RESORT 2021,2020-11-15,2021-04-01,Resort,213610,LONG DRESS LANA,15,,,"100% COTTON, EMBROIDERED IN 70% COTTON 30% POLIESTER THREAD, FINISHED GOOD: 100% COTTON","Our Lana dress has been designed to show off your sun kissed décolletage thanks to the versatility of its off-the-shoulders sleeves, covering the arms in an evocative boat neckline. The “A” silhouette of the skirt can be adjusted at the waist with an embroidered cotton belt. It falls to a subtle asymmetric hem which enhances movement, creating the perfect balance between the cut, the fabric and the volume of the dress. A dress ideal for all your upcoming summer events. The long flowing skirt feels so romantic and feminine","XS, S, M, L",,Est.Rojo,,USD,266,611,Womens,Apparel,"Dresses, Evening"
BREEZY BATISTA RESORT 2021,2020-11-15,2021-04-01,Resort,213611,LONG DRESS JULIE,16,,,"100% COTTON,, EMBROIDERED IN 70% COTTON 30% POLIESTER THREAD,, FINISHED GOOD: 100% COTTON","The bustier body and the cut of the sweetheart neckline enhances the shape of your bust. The straps can be easily adjusted for comfort or you can create a strapless look by hiding the straps. These fine details make Julie the perfect piece for a romantic candlelit dinner. The ruched body and the embroidered cotton belt cinch you at your narrowest point, the skirt falls into a striking asymmetry flare hitting the legs at the most flattering point. Our Julie dress feels so romantic and feminine. 

","XS, S, M, L",,White,,USD,266,611,Womens,Apparel,"Dresses, Evening"
BREEZY BATISTA RESORT 2021,2020-11-15,2021-04-01,Resort,213611,LONG DRESS JULIE,16,,,"100% COTTON,, EMBROIDERED IN 70% COTTON 30% POLIESTER THREAD,, FINISHED GOOD: 100% COTTON","The bustier body and the cut of the sweetheart neckline enhances the shape of your bust. The straps can be easily adjusted for comfort or you can create a strapless look by hiding the straps. These fine details make Julie the perfect piece for a romantic candlelit dinner. The ruched body and the embroidered cotton belt cinch you at your narrowest point, the skirt falls into a striking asymmetry flare hitting the legs at the most flattering point. Our Julie dress feels so romantic and feminine. 

","XS, S, M, L",,Black,,USD,266,611,Womens,Apparel,"Dresses, Evening"
BREEZY BATISTA RESORT 2021,2020-11-15,2021-04-01,Resort,213611,LONG DRESS JULIE,16,,,"100% COTTON,, EMBROIDERED IN 70% COTTON 30% POLIESTER THREAD,, FINISHED GOOD: 100% COTTON","The bustier body and the cut of the sweetheart neckline enhances the shape of your bust. The straps can be easily adjusted for comfort or you can create a strapless look by hiding the straps. These fine details make Julie the perfect piece for a romantic candlelit dinner. The ruched body and the embroidered cotton belt cinch you at your narrowest point, the skirt falls into a striking asymmetry flare hitting the legs at the most flattering point. Our Julie dress feels so romantic and feminine. 

","XS, S, M, L",,Est.Rojo,,USD,266,611,Womens,Apparel,"Dresses, Evening"
BREEZY BATISTA RESORT 2021,2020-11-15,2021-04-01,Resort,213613,LONG DRESS LINDA,17,,,"100% COTTON,, EMBROIDERED IN 70% COTTON 30% POLIESTER THREAD, FINISHED GOOD: 100% COTTON","Our long Linda dress is a unique and flattering piece that guarantees the likes will soar on all of your vacation posts. The double ruffle on the sleeves frames the pretty sweetheart neckline. The cut of the open back meets the waist with a tie belt. The openwork embroidered cotton adds a lightweight, airy feel to the dress which is reflected in the floaty, dreamlike movement of the tiered skirt. ","XS, S, M, L",,White,,USD,300,691,Womens,Apparel,"Dresses, Evening"
BREEZY BATISTA RESORT 2021,2020-11-15,2021-04-01,Resort,213613,LONG DRESS LINDA,17,,,"100% COTTON,, EMBROIDERED IN 70% COTTON 30% POLIESTER THREAD, FINISHED GOOD: 100% COTTON","Our long Linda dress is a unique and flattering piece that guarantees the likes will soar on all of your vacation posts. The double ruffle on the sleeves frames the pretty sweetheart neckline. The cut of the open back meets the waist with a tie belt. The openwork embroidered cotton adds a lightweight, airy feel to the dress which is reflected in the floaty, dreamlike movement of the tiered skirt. ","XS, S, M, L",,Black,,USD,300,691,Womens,Apparel,"Dresses, Evening"
BREEZY BATISTA RESORT 2021,2020-11-15,2021-04-01,Resort,213613,LONG DRESS LINDA,17,,,"100% COTTON,, EMBROIDERED IN 70% COTTON 30% POLIESTER THREAD, FINISHED GOOD: 100% COTTON","Our long Linda dress is a unique and flattering piece that guarantees the likes will soar on all of your vacation posts. The double ruffle on the sleeves frames the pretty sweetheart neckline. The cut of the open back meets the waist with a tie belt. The openwork embroidered cotton adds a lightweight, airy feel to the dress which is reflected in the floaty, dreamlike movement of the tiered skirt. ","XS, S, M, L",,Est.Rojo,,USD,300,691,Womens,Apparel,"Dresses, Evening"
BOTANIC BLISS COLLECTION SS2021,2021-02-01,2021-06-30,Spring/Summer,212100,BUSTIER LITA BOTANIC,1,,,"100% COTTON, FINISHED GOOD 100% COTTON","Our beautiful Lita bustier will add a feminine touch to all your summer looks. Its flattering sweetheart neckline is finished with a delicate trim of 100% cotton geometric guipures, enhancing the chest area and creating a radiant silhouette. Its structured body contours the torso and its elastic back adapts perfectly to your figure thanks to its side zip closure. A pretty and delicate piece to wear with our long Kareen skirt from this collection or our Olive short from the ""Breezy Batista"" collection.

","XS, S, M, L",,Botanic Print,,USD,154,355,Womens,Apparel,"Blouses, Evening, Tops"
BOTANIC BLISS COLLECTION SS2021,2021-02-01,2021-06-30,Spring/Summer,212101,TOP JUDY BOTANIC,2,,,"100% COTTON, FINISHED GOOD 100% COTTON","A charismatic bucolic piece that adds a rustic touch to your style, enhancing your natural beauty. 
The elastic body contours the torso and accentuates the bust, the voluminous sleeves add a charming touch transforming the Judy Crop top into a timeless beauty. Combine it with our long Ann skirt from this collection for a look that resembles a flowing dress. Wear it with cowboy boots for a free-spirited twist. 


","XS, S, M, L",,BOTANIC PRINT,,USD,138,317,Womens,Apparel,"Blouses, Evening, Tops"
BOTANIC BLISS COLLECTION SS2021,2021-02-01,2021-06-30,Spring/Summer,212102,BLOUSE ANGIE,3,,,"100% COTTON, FINISHED GOOD 100% COTTON","Our beautiful Angie top wraps around your waist in a blend of botanical motifs, enhancing the natural shape of your chest with its flattering V-neckline which is adorned with 100% geometric cotton guipures. Its side tie closure makes our Angie top a very comfortable piece to wear. The volume of its balloon sleeve, with the adjustable cuff makes this garment a very versatile piece. Combine it with our mini Rada skirt for a cool twist or with one of our long skirts for a mesmerizing summer look.","XS, S, M, L",,Botanic Print,,USD,161,371,Womens,Apparel,"Blouses, Evening, Tops"
BOTANIC BLISS COLLECTION SS2021,2021-02-01,2021-06-30,Spring/Summer,212103,JACKET CAROLYN,4,,,"100% COTTON, FINISHED GOOD 100% COTTON","The central button closure and the flattering cut of the fitted peplum waist makes our Carolyn blouse the piece you will not want to miss out on this spring/summer. The volume in the sleeves and the adjustable cuff create a beautiful puffed silhouette enriched by our botanical print. Combine it with our mini Rada or with jeans for a relaxed ""streetwear"" look.","XS, S, M, L, XL",,Botanic Print,,USD,159,366,Womens,Apparel,"Blouses, Evening, Tops"
BOTANIC BLISS COLLECTION SS2021,2021-02-01,2021-06-30,Spring/Summer,212401,SHORT SKIRT RADA,5,,,"100% COTTON, FINISHED GOOD 100% COTTON","Rada is the versatile short skirt that will match all your summer tops. Its flattering silhouette hugs the waist and slips lightly over the hips accentuating the free-flowing, flirty, godet panels which resemble the beauty of flowers blooming in spring. A skirt made of printed cotton voile and adorned with 100% geometric cotton guipures. Let yourself be swept away by the soft summer breeze in this ultra fresh, delicate piece.


","XS, S, M, L",,Botanic Print,,USD,154,355,Womens,Apparel,"Evening, Mini Skirts, Shirts"
BOTANIC BLISS COLLECTION SS2021,2021-02-01,2021-06-30,Spring/Summer,212403,LONG SKIRT ANN BOTANIC,6,,,"100% COTTON, FINISHED GOOD 100% COTTON","The beauty of our Ann skirt lies in its countryside inspired design and the sensuality of the front slit with hidden buttons. The buttoned waist band is extremely flattering, wrapping around your silhouette highlighting your narrowest point before cascading down into a beautiful ruffle design along the trim. Combine it with our Judy top and one of our natural fiber bags for the perfect match.","XS, S, M, L, XL",,Botanic Print,,USD,161,371,Womens,Apparel,"Evening, Long Skirts, Skirts"
BOTANIC BLISS COLLECTION SS2021,2021-02-01,2021-06-30,Spring/Summer,212404,LONG SKIRT KAREEN,7,,,"100% COTTON, FINISHED GOOD 100% COTTON","Our print with botanical motifs and its flattering ""A"" cut give the long Kareen skirt a free-spirited, ethereal movement. Its high waist and the natural fall of the 100% cotton voile, open on both sides, creates a beautiful silhouette. Combine it with one of our crop tops or blouses from the ""Botanika"" collection for a summer statement look.

","XS, S, M, L",,Botanic Print,,USD,150,344,Womens,Apparel,"Evening, Long Skirts, Skirts"
BOTANIC BLISS COLLECTION SS2021,2021-02-01,2021-06-30,Spring/Summer,212600,SHORT DRESS LILI,8,,,"100% COTTON, FINISHED GOOD 100% COTTON","Fall for the perfect fit of our short Lili dress as you step into summer. The beautiful V-neckline on the back and on the chest falls effortlessly from the bust thanks to its cape-like silhouette. The pretty, babydoll design with its stunning botanical print combined with the ruffled finish adds a flattering free-flowing ease to the way the garment moves. Wear it with high esparto wedges to achieve an ""effortlessly chic"" look.

","XS, S, M, L",,Botanic Print,,USD,174,400,Womens,Apparel,"Dresses, Evening"
BOTANIC BLISS COLLECTION SS2021,2021-02-01,2021-06-30,Spring/Summer,212601,SHORT DRESS MARLENE,9,,,"100% COTTON, FINISHED GOOD: 100% COTTON","Marlene is the “little summer dress” that must be added to your summer wardrobe. The flattering backless design with the delicate strap adjustment system ensures the perfect fit. Its flattering silhouette hugs the waist and slips lightly over the hips accentuating the free-flowing, flirty, godet panels which resemble the beauty of flowers blooming in spring. The Marlene dress will make you look effortlessly beautiful on any occasion.","XS, S, M, L",,Botanic Print,,USD,220,507,Womens,Apparel,"Dresses, Evening"
BOTANIC BLISS COLLECTION SS2021,2021-02-01,2021-06-30,Spring/Summer,212602,SHORT DRESS MAUREEN,10,,,"100% COTTON, FINISHED GOOD: 100% COTTON","Our Maureen mini button up shirt dress is the versatile summer staple you need this spring/summer. Its skirt can be adjusted easily by pulling on the ties to enhance the silhouette of the dress, cinching you in at the waist. Leave the ties loose for an ""oversized"" look or tighten them for a draped mini effect. The volume of the balloon sleeves can be easily adjusted thanks to the elastic cuffs. Combine it with cowboy style boots for a boho look or with esparto wedges to elongate your legs.","XS, S, M, L, XL",,Botanic Print,,USD,201,462,Womens,Apparel,"Dresses, Evening"
BOTANIC BLISS COLLECTION SS2021,2021-02-01,2021-06-30,Spring/Summer,212603,MIDI DRESS MAE,11,,,"100% COTTON, FINISHED GOOD 100% COTTON","Mae is our asymmetrical long dress with a versatile double function, Mae can be used as a dress or as a skirt. Its elastic body (smock) adjusts to the shape of your bust and the skirt is supported by an invisible central buttoning system. Slide the dress down to turn the elastic body into a comfortable band that wraps around your hips transforming our Mae dress into a beautiful skirt. Combine it with a pair of cowboy boots for a fresh, spring festival look.

","XS, S, M, L, XL",,Botanic Print,,USD,174,400,Womens,Apparel,"Dresses, Evening"
BOTANIC BLISS COLLECTION SS2021,2021-02-01,2021-06-30,Spring/Summer,212610,LONG DRESS JOYCE,12,,,"100% COTTON, FINISHED GOOD 100% COTTON","The cascading ruffles and the subtle asymmetry cut of our Joyce dress creates a mesmerizing flair. Its ""V"" neckline and empire cut enhance the chest area. The delicate straps are made of a geometric guipure design which also adorns the lining around the chest area. Joyce is the perfect dress for an evening under the moonlight just add a pair of our statement earrings and wedges or for a casual day look add a pair of strappy sandals.","XS, S, M, L",,Botanic Print,,USD,232,534,Womens,Apparel,"Dresses, Evening"
BOTANIC BLISS COLLECTION SS2021,2021-02-01,2021-06-30,Spring/Summer,212611,LONG DRESS LIBERTY,13,,,"100% COTTON, FINISHED GOOD 100% COTTON","The volume of the puffed sleeves and the “V” neckline with scalloped geometric guipures creates a romantic, feminine silhouette. The intricate detail of the fitted waist falls to a flowy countryside-style skirt trimmed with a ruffled edge which adds to the breezy movement of the piece. A dress to enjoy the freshness of the long-awaited spring. Combine it with some espadrilles and our Iraca palm jellyfish bag for a casual evening look.","XS, S, M, L",,Botanic Print,,USD,216,496,Womens,Apparel,"Dresses, Evening"
BOTANIC BLISS COLLECTION SS2021,2021-02-01,2021-06-30,Spring/Summer,212612,LONG DRESS JEANETTE,14,,,"100% COTTON, FINISHED GOOD 100% COTTON","Stay cool this summer in our Janette mid-neck shirt dress with a Mao neckline. A long, versatile, dreamy dress that can be worn closed as a shirt dress or alternatively leave it open to create a beautiful ""V"" neckline whilst creating the illusion of longer legs! The length of the balloon sleeves on the Jeanette dress can be adjusted easily with the elastic cuff, undo a few buttons to let the skirt's ruffle flow in the summer breeze as you saunter along the shore.","XS, S, M, L, XL",,Botanic Print,,USD,232,534,Womens,Apparel,"Dresses, Evening"
BOTANIC BLISS COLLECTION SS2021,2021-02-01,2021-06-30,Spring/Summer,212613,LONG DRESS DEBBIE,15,,,"100% COTTON, FINISHED GOOD 100% COTTON","The flattering ""A"" silhouette and the beautiful open back in a criss-cross design makes our Debbie dress a ""summer staple"" for all your upcoming events. A dress that embodies sensuality, adding a touch of romance to all your looks thanks to the beautiful 100% printed cotton voile, its flattering V-neckline and the flirty side slits of the skirt flutter in the summer breeze. 

","XS, S, M, L",,Botanic Print,,USD,216,496,Womens,Apparel,"Dresses, Evening"
VOILE & GUIPUR SS2021,2021-02-01,2021-06-30,Spring/Summer,211104,TOP VERONICA,1,,,90% COTTON 10% POLYESTER,"Step into summer with our Veronica top. The stunning double ruffle falls lightly over the shoulders and the intricate guipure adorns the body adding a touch of elegance to this special crop top. The open back and the movement of the ruffles enhance the chest area. The Veronica is a one of our season staples adding a breath of vitality to all your summer looks. Combine it with our Shelly skirt to get the perfect ""twin set"" to dance all night under the moonlight.","XS, S, M, L",,White,,USD,136,312,Womens,Apparel,"Blouses, Evening, Tops"
VOILE & GUIPUR SS2021,2021-02-01,2021-06-30,Spring/Summer,211104,TOP VERONICA,1,,,90% COTTON 10% POLYESTER,"Step into summer with our Veronica top. The stunning double ruffle falls lightly over the shoulders and the intricate guipure adorns the body adding a touch of elegance to this special crop top. The open back and the movement of the ruffles enhance the chest area. The Veronica is a one of our season staples adding a breath of vitality to all your summer looks. Combine it with our Shelly skirt to get the perfect ""twin set"" to dance all night under the moonlight.","XS, S, M, L",,Black,,USD,136,312,Womens,Apparel,"Blouses, Evening, Tops"
VOILE & GUIPUR SS2021,2021-02-01,2021-06-30,Spring/Summer,211105,TOP JOAN,2,,,90% COTTON 10% POLYESTER,"Joan is the top you must add to your summer wardrobe! The volume of its lantern sleeves is enriched with embroidered guipure detailing. Its hidden button closure adds a touch of versatility, you can wear it buttoned up to highlight the beautiful guipure embroidery or wear it open to showcase a flattering V-neckline. A versatile garment to combine with our Ann maxi skirt to get an incredible look for sunset or with our mini Shelley for a fresher look.","XS, S, M, L",,White,,USD,150,344,Womens,Apparel,"Blouses, Evening, Tops"
VOILE & GUIPUR SS2021,2021-02-01,2021-06-30,Spring/Summer,211105,TOP JOAN,2,,,90% COTTON 10% POLYESTER,"Joan is the top you must add to your summer wardrobe! The volume of its lantern sleeves is enriched with embroidered guipure detailing. Its hidden button closure adds a touch of versatility, you can wear it buttoned up to highlight the beautiful guipure embroidery or wear it open to showcase a flattering V-neckline. A versatile garment to combine with our Ann maxi skirt to get an incredible look for sunset or with our mini Shelley for a fresher look.","XS, S, M, L",,Black,,USD,150,344,Womens,Apparel,"Blouses, Evening, Tops"
VOILE & GUIPUR SS2021,2021-02-01,2021-06-30,Spring/Summer,211106,TOP JUDY,3,,,90% COTTON 10% POLYESTER,"Our crop top Judy is a charismatic bucolic piece that adds a rustic touch to your style, enhancing your natural beauty. Its square neckline is enriched with beautiful floral motifs. The elastic bodice contours the torso and enhances the bust, which together with the volume of its sleeves make our Judy top a piece of timeless beauty. Combine it with our long Ann skirt for a spectacular ""long dress"" effect. Wear it with a pair of cowboy inspired boots for a free-spirited twist.

","XS, S, M, L",,White,,USD,126,291,Womens,Apparel,"Blouses, Evening, Tops"
VOILE & GUIPUR SS2021,2021-02-01,2021-06-30,Spring/Summer,211106,TOP JUDY,3,,,90% COTTON 10% POLYESTER,"Our crop top Judy is a charismatic bucolic piece that adds a rustic touch to your style, enhancing your natural beauty. Its square neckline is enriched with beautiful floral motifs. The elastic bodice contours the torso and enhances the bust, which together with the volume of its sleeves make our Judy top a piece of timeless beauty. Combine it with our long Ann skirt for a spectacular ""long dress"" effect. Wear it with a pair of cowboy inspired boots for a free-spirited twist.

","XS, S, M, L",,Black,,USD,126,291,Womens,Apparel,"Blouses, Evening, Tops"
VOILE & GUIPUR SS2021,2021-02-01,2021-06-30,Spring/Summer,211200,BLOUSE ESTELA,4,,,90% COTTON 10% POLYESTER,"Estela is the versatile blouse that works perfectly with any of our skirts in the collection. With our mini Shelley for a fresh cool style or with our long Ann skirt for a long dress effect, its elastic waist adapts perfectly to all shapes, providing versatility and comfort on warm sunny days. Its hidden button closure allows you to keep it buttoned up and show off the beautiful guipure detailing or wear it open to showcase a flattering V-neckline.","XS, S, M, L, XL",,White,,USD,154,355,Womens,Apparel,"Blouses, Evening, Tops"
VOILE & GUIPUR SS2021,2021-02-01,2021-06-30,Spring/Summer,211200,BLOUSE ESTELA,4,,,90% COTTON 10% POLYESTER,"Estela is the versatile blouse that works perfectly with any of our skirts in the collection. With our mini Shelley for a fresh cool style or with our long Ann skirt for a long dress effect, its elastic waist adapts perfectly to all shapes, providing versatility and comfort on warm sunny days. Its hidden button closure allows you to keep it buttoned up and show off the beautiful guipure detailing or wear it open to showcase a flattering V-neckline.","XS, S, M, L, XL",,Black,,USD,154,355,Womens,Apparel,"Blouses, Evening, Tops"
VOILE & GUIPUR SS2021,2021-02-01,2021-06-30,Spring/Summer,211212,KAFTAN KATHY,5,,,90% COTTON 10% POLYESTER,"The intricate guipure detailing adds shape and contours the layers of our beautiful Kaftan Kathy. Its ruffled sleeves allow you to play with style, puffing the sleeve up for more volume. Let your bronze skin shine through the stunning geometric guipures of this short caftan. Combine it with strappy sandals and a natural fiber maxi pamela.
","XS, S, M, L",,White,,USD,184,424,Womens,Apparel,"Dresses, Evening, Jackets, Vests"
VOILE & GUIPUR SS2021,2021-02-01,2021-06-30,Spring/Summer,211212,KAFTAN KATHY,5,,,90% COTTON 10% POLYESTER,"The intricate guipure detailing adds shape and contours the layers of our beautiful Kaftan Kathy. Its ruffled sleeves allow you to play with style, puffing the sleeve up for more volume. Let your bronze skin shine through the stunning geometric guipures of this short caftan. Combine it with strappy sandals and a natural fiber maxi pamela.
","XS, S, M, L",,Black,,USD,184,424,Womens,Apparel,"Dresses, Evening, Jackets, Vests"
VOILE & GUIPUR SS2021,2021-02-01,2021-06-30,Spring/Summer,211213,KAFTAN CLAIRE,6,,,90% COTTON 10% POLYESTER,"Our long Claire caftan is a dreamy summer piece that will elevate all of your swimsuit looks. The richness of the geometric guipures adorn the kaftan making our Claire a unique piece that you will want to wear on repeat throughout the summer. Combine it with jeans and one of our crop tops for a casual ""street wear"" look.","XS, S, M, L",,White,,USD,219,504,Womens,Apparel,"Dresses, Evening, Jackets, Vests"
VOILE & GUIPUR SS2021,2021-02-01,2021-06-30,Spring/Summer,211213,KAFTAN CLAIRE,6,,,90% COTTON 10% POLYESTER,"Our long Claire caftan is a dreamy summer piece that will elevate all of your swimsuit looks. The richness of the geometric guipures adorn the kaftan making our Claire a unique piece that you will want to wear on repeat throughout the summer. Combine it with jeans and one of our crop tops for a casual ""street wear"" look.","XS, S, M, L",,Black,,USD,219,504,Womens,Apparel,"Dresses, Evening, Jackets, Vests"
VOILE & GUIPUR SS2021,2021-02-01,2021-06-30,Spring/Summer,211214,COVER HELEN,7,,,90% COTTON 10% POLYESTER,"Helen is our quintessential cover up. With comfortable, adjustable straps, elevate all your swimwear looks this season by layering our Helen cover up over your swimsuit, or, for chic lunches, layer over our Lena bralet and Ida shorts from the Essentials collection. Made of cotton voile and adorned with intricate guipures that run through the front slit the Helen is the perfect addition to your summer wardrobe. Let yourself be swept away by the sea breeze in this dreamy cover up.","XS, S, M, L",,White,,USD,196,451,Womens,Apparel,"Evening, Jackets, Vests"
VOILE & GUIPUR SS2021,2021-02-01,2021-06-30,Spring/Summer,211214,COVER HELEN,7,,,90% COTTON 10% POLYESTER,"Helen is our quintessential cover up. With comfortable, adjustable straps, elevate all your swimwear looks this season by layering our Helen cover up over your swimsuit, or, for chic lunches, layer over our Lena bralet and Ida shorts from the Essentials collection. Made of cotton voile and adorned with intricate guipures that run through the front slit the Helen is the perfect addition to your summer wardrobe. Let yourself be swept away by the sea breeze in this dreamy cover up.","XS, S, M, L",,Black,,USD,196,451,Womens,Apparel,"Evening, Jackets, Vests"
VOILE & GUIPUR SS2021,2021-02-01,2021-06-30,Spring/Summer,211403,SHORT SKIRT SHELLEY,8,,,90% COTTON 10% POLYESTER,"This summer let our Shelley skirt shine, a versatile piece in your wardrobe that takes you from day to night. The comfortable waist band adapts perfectly to your figure, highlighting the narrowest part of your waist and slipping over the hips into a playful double ruffle adding a lightweight breezy movement to the skirt. A stunning piece made of cotton voile, adorned with trims of intricate guipure detailing. A ""must"" for the summer!","XS, S, M, L",,White,,USD,150,344,Womens,Apparel,"Evening, Mini Skirts, Skirts"
VOILE & GUIPUR SS2021,2021-02-01,2021-06-30,Spring/Summer,211403,SHORT SKIRT SHELLEY,8,,,90% COTTON 10% POLYESTER,"This summer let our Shelley skirt shine, a versatile piece in your wardrobe that takes you from day to night. The comfortable waist band adapts perfectly to your figure, highlighting the narrowest part of your waist and slipping over the hips into a playful double ruffle adding a lightweight breezy movement to the skirt. A stunning piece made of cotton voile, adorned with trims of intricate guipure detailing. A ""must"" for the summer!","XS, S, M, L",,Black,,USD,150,344,Womens,Apparel,"Evening, Mini Skirts, Skirts"
VOILE & GUIPUR SS2021,2021-02-01,2021-06-30,Spring/Summer,211405,LONG SKIRT ANN,9,,,90% COTTON 10% POLYESTER,The beauty of our Ann skirt lies in its countryside inspired design and the sensuality of the front slit with hidden buttons. The buttoned waist band wraps around the silhouette of the garment accentuating the free-flowing volume which cascades down into a beautiful ruffle along the trim. Combine it with our Judy top and one of our natural fiber bags for the perfect match.,"XS, S, M, L, XL",,White,,USD,216,496,Womens,Apparel,"Evening, Long Skirts, Skirts"
VOILE & GUIPUR SS2021,2021-02-01,2021-06-30,Spring/Summer,211405,LONG SKIRT ANN,9,,,90% COTTON 10% POLYESTER,The beauty of our Ann skirt lies in its countryside inspired design and the sensuality of the front slit with hidden buttons. The buttoned waist band wraps around the silhouette of the garment accentuating the free-flowing volume which cascades down into a beautiful ruffle along the trim. Combine it with our Judy top and one of our natural fiber bags for the perfect match.,"XS, S, M, L, XL",,Black,,USD,216,496,Womens,Apparel,"Evening, Long Skirts, Skirts"
VOILE & GUIPUR SS2021,2021-02-01,2021-06-30,Spring/Summer,211504,JUMPSUIT JODY,10,,,,"Let yourself be swept away in a summer dream with our Jody jumpsuit. A piece cut from our signature cotton voile and adorned with elaborate guipures. Show hints of your sun kissed legs through the front and back slits as you saunter along the shore.

","XS, S, M, L",,White,,USD,262,603,Womens,Apparel,"Evening, Jumpsuits"
VOILE & GUIPUR SS2021,2021-02-01,2021-06-30,Spring/Summer,211504,JUMPSUIT JODY,10,,,,"Let yourself be swept away in a summer dream with our Jody jumpsuit. A piece cut from our signature cotton voile and adorned with elaborate guipures. Show hints of your sun kissed legs through the front and back slits as you saunter along the shore.

","XS, S, M, L",,Black,,USD,262,603,Womens,Apparel,"Evening, Jumpsuits"
VOILE & GUIPUR SS2021,2021-02-01,2021-06-30,Spring/Summer,211600,SHORT DRESS IRISH,11,,,90% COTTON 10% POLYESTER,"Our short Irish dress enhances the natural beauty of the bust, framed by a sweetheart neckline and supported by delicate, slim shoulder straps. The beautiful crotched torso lets hints of your sun kissed skin shimmer through. The skater skirt design is lightweight and sits on the hips comfortably cascading into a double ruffle trim adorned with guipure. A dress to dance to the sound of summer.","XS, S, M, L",,White,,USD,219,504,Womens,Apparel,"Dresses, Evening"
VOILE & GUIPUR SS2021,2021-02-01,2021-06-30,Spring/Summer,211600,SHORT DRESS IRISH,11,,,90% COTTON 10% POLYESTER,"Our short Irish dress enhances the natural beauty of the bust, framed by a sweetheart neckline and supported by delicate, slim shoulder straps. The beautiful crotched torso lets hints of your sun kissed skin shimmer through. The skater skirt design is lightweight and sits on the hips comfortably cascading into a double ruffle trim adorned with guipure. A dress to dance to the sound of summer.","XS, S, M, L",,Black,,USD,219,504,Womens,Apparel,"Dresses, Evening"
VOILE & GUIPUR SS2021,2021-02-01,2021-06-30,Spring/Summer,211601,SHORT DRESS KATHARINE,12,,,90% COTTON 10% POLYESTER,"The beauty of our short Katharine dress is found in the elaborate and intricate guipure design. The detailed, crochet lace torso of the dress contours your figure whilst showing off hints of your sunkissed skin. The hourglass silhouette contrasts beautifully with the volume of the puffed sleeves, enhancing the sweetheart neckline and the structure of the shoulders trimmed with a beautiful ruffle.","XS, S, M, L",,White,,USD,251,576,Womens,Apparel,"Dresses, Evening"
VOILE & GUIPUR SS2021,2021-02-01,2021-06-30,Spring/Summer,211601,SHORT DRESS KATHARINE,12,,,90% COTTON 10% POLYESTER,"The beauty of our short Katharine dress is found in the elaborate and intricate guipure design. The detailed, crochet lace torso of the dress contours your figure whilst showing off hints of your sunkissed skin. The hourglass silhouette contrasts beautifully with the volume of the puffed sleeves, enhancing the sweetheart neckline and the structure of the shoulders trimmed with a beautiful ruffle.","XS, S, M, L",,Black,,USD,251,576,Womens,Apparel,"Dresses, Evening"
VOILE & GUIPUR SS2021,2021-02-01,2021-06-30,Spring/Summer,211602,SHORT DRESS STELLE,13,,,90% COTTON 10% POLYESTER,"The elastic bodice fits closely around the waist, cinching you in comfortably allowing you to show off your sunkissed shoulders with straps or without straps. A garment designed with such feminine details including voluminous puffed sleeves and a nipped-in waist that contrasts with the flare of the tiered ruffles on the skirt. The Julie dress is a clear winner for effortlessly chic style.

","XS, S, M, L",,White,,USD,184,424,Womens,Apparel,"Dresses, Evening"
VOILE & GUIPUR SS2021,2021-02-01,2021-06-30,Spring/Summer,211602,SHORT DRESS STELLE,13,,,90% COTTON 10% POLYESTER,"The elastic bodice fits closely around the waist, cinching you in comfortably allowing you to show off your sunkissed shoulders with straps or without straps. A garment designed with such feminine details including voluminous puffed sleeves and a nipped-in waist that contrasts with the flare of the tiered ruffles on the skirt. The Julie dress is a clear winner for effortlessly chic style.

","XS, S, M, L",,Black,,USD,184,424,Womens,Apparel,"Dresses, Evening"
VOILE & GUIPUR SS2021,2021-02-01,2021-06-30,Spring/Summer,211604,SHORT DRESS RACHEL,14,,,90% COTTON 10% POLYESTER,"Our iconic open back design with criss-cross ties and a striking ""V"" neckline, finished with traces of Charos signature crocheted guipur defines the short Rachel dress as timeless addition to the collection. The open back adds a touch of sensuality, the length and cut make this dress such a pretty choice for summer, ensuring you feel radiant. The Rachel dress is the perfect choice for balmy summer evenings dancing to the sound of the waves. ","XS, S, M, L",,White,,USD,234,539,Womens,Apparel,"Dresses, Evening"
VOILE & GUIPUR SS2021,2021-02-01,2021-06-30,Spring/Summer,211604,SHORT DRESS RACHEL,14,,,90% COTTON 10% POLYESTER,"Our iconic open back design with criss-cross ties and a striking ""V"" neckline, finished with traces of Charos signature crocheted guipur defines the short Rachel dress as timeless addition to the collection. The open back adds a touch of sensuality, the length and cut make this dress such a pretty choice for summer, ensuring you feel radiant. The Rachel dress is the perfect choice for balmy summer evenings dancing to the sound of the waves. ","XS, S, M, L",,Black,,USD,234,539,Womens,Apparel,"Dresses, Evening"
VOILE & GUIPUR SS2021,2021-02-01,2021-06-30,Spring/Summer,211607,SHORT DRESS CLAUDIA,15,,,90% COTTON 10% POLYESTER,"Our Claudia short dress is defined by its incredibly flattering bodice made with intricate, guipure panels which overlap adding a wave of elegance to the skirt. The skirt is ruched through the front accentuating your waist. Lightweight ruffles gently flare out on the side pieces of the skirt, adorned by delicate guipures that float effortlessly in the summer breeze.

","XS, S, M, L",,White,,USD,251,576,Womens,Apparel,"Dresses, Evening"
VOILE & GUIPUR SS2021,2021-02-01,2021-06-30,Spring/Summer,211607,SHORT DRESS CLAUDIA,15,,,90% COTTON 10% POLYESTER,"Our Claudia short dress is defined by its incredibly flattering bodice made with intricate, guipure panels which overlap adding a wave of elegance to the skirt. The skirt is ruched through the front accentuating your waist. Lightweight ruffles gently flare out on the side pieces of the skirt, adorned by delicate guipures that float effortlessly in the summer breeze.

","XS, S, M, L",,Black,,USD,251,576,Womens,Apparel,"Dresses, Evening"
VOILE & GUIPUR SS2021,2021-02-01,2021-06-30,Spring/Summer,211624,LONG DRESS LOUISE,16,,,90% COTTON 10% POLYESTER,"Our long Louise dress has all the right ingredients to make sure you look stunningly beautiful on any occasion. Its central clasp closure doubles up offering you two looks, wear it open for a more casual approach and closed for an elegant evening dress. Let yourself be enveloped by the romanticism of the subtle lace detailing, the sensual v neckline and the puffed sleeves made with delicate guipures. Combine it with a pair of strappy sandals for a casual effect or with esparto wedges to elevate your look.","XS, S, M, L",,White,,USD,289,664,Womens,Apparel,"Dresses, Evening"
VOILE & GUIPUR SS2021,2021-02-01,2021-06-30,Spring/Summer,211624,LONG DRESS LOUISE,16,,,90% COTTON 10% POLYESTER,"Our long Louise dress has all the right ingredients to make sure you look stunningly beautiful on any occasion. Its central clasp closure doubles up offering you two looks, wear it open for a more casual approach and closed for an elegant evening dress. Let yourself be enveloped by the romanticism of the subtle lace detailing, the sensual v neckline and the puffed sleeves made with delicate guipures. Combine it with a pair of strappy sandals for a casual effect or with esparto wedges to elevate your look.","XS, S, M, L",,Black,,USD,289,664,Womens,Apparel,"Dresses, Evening"
VOILE & GUIPUR SS2021,2021-02-01,2021-06-30,Spring/Summer,211625,LONG DRESS THELMA,17,,,90% COTTON 10% POLYESTER,"This season our Thelma dress will be your accomplice taking your summer style from day to night.  The sensuality of her beautiful bardot neckline designed with one of our most emblematic guipures and the stunning side slit of the skirt makes our Thelma dress comfortable, flattering and timeless. A piece filled with intricate details to accentuate your figure, highlighting your natural beauty. Combine it with a pair of our maxi-earrings and wedges for the perfect sunset look.
VESTIDOS CORTOS
","XS, S, M, L, XL",,White,,USD,300,691,Womens,Apparel,"Dresses, Evening"
VOILE & GUIPUR SS2021,2021-02-01,2021-06-30,Spring/Summer,211625,LONG DRESS THELMA,17,,,90% COTTON 10% POLYESTER,"This season our Thelma dress will be your accomplice taking your summer style from day to night.  The sensuality of her beautiful bardot neckline designed with one of our most emblematic guipures and the stunning side slit of the skirt makes our Thelma dress comfortable, flattering and timeless. A piece filled with intricate details to accentuate your figure, highlighting your natural beauty. Combine it with a pair of our maxi-earrings and wedges for the perfect sunset look.
VESTIDOS CORTOS
","XS, S, M, L, XL",,Black,,USD,300,691,Womens,Apparel,"Dresses, Evening"
FACE MASKS,2020-10-15,2021-08-31,Spring/Summer,212710,BOTANIC BLISS FACE MASK ,1,,,"100% COTTON, FINISHED GOOD 100% COTTON","For the proper operation of the face mask
it is necessary to use it with an approved filter.
Our cloth mask is made with an inside
fabric pocket that will contain the filter.
*The filter is not sold together with the facemask.",One Size,,Botanic Print,,USD,17,39,Womens,Accessories,General Accessories
FACE MASKS,2020-10-15,2021-08-31,Spring/Summer,213710,BREEZE BATISTA FACE MASK,2,,,"100% COTTON,, EMBROIDERED IN 70% COTTON 30% POLIESTER THREAD,, FINISHED GOOD: 100% COTTON","For the proper operation of the face mask
it is necessary to use it with an approved filter.
Our cloth mask is made with an inside
fabric pocket that will contain the filter.
*The filter is not sold together with the facemask.",One Size,,White,,USD,17,39,"Girls, Womens",Accessories,General Accessories
FACE MASKS,2020-10-15,2021-08-31,Spring/Summer,213710,BREEZE BATISTA FACE MASK,2,,,"100% COTTON,, EMBROIDERED IN 70% COTTON 30% POLIESTER THREAD,, FINISHED GOOD: 100% COTTON","For the proper operation of the face mask
it is necessary to use it with an approved filter.
Our cloth mask is made with an inside
fabric pocket that will contain the filter.
*The filter is not sold together with the facemask.",One Size,,Black,,USD,17,39,"Girls, Womens",Accessories,General Accessories
FACE MASKS,2020-10-15,2021-08-31,Spring/Summer,213710,BREEZE BATISTA FACE MASK,2,,,"100% COTTON,, EMBROIDERED IN 70% COTTON 30% POLIESTER THREAD,, FINISHED GOOD: 100% COTTON","For the proper operation of the face mask
it is necessary to use it with an approved filter.
Our cloth mask is made with an inside
fabric pocket that will contain the filter.
*The filter is not sold together with the facemask.",One Size,,Est.Rojo,,USD,17,39,"Girls, Womens",Accessories,General Accessories
